0,0,FL,4
0,1,TLP,3
0,2,TLP,3
0,3,TLP,3
0,4,TLP,3
0,5,TLP,3
0,6,TLP,3
0,7,TLP,3
0,8,TLP,3
0,9,TLP,3
0,10,TLP,3
0,11,TLP,3
0,12,TLP,3
0,13,TLP,3
0,14,TLP,3
0,15,TLP,3
0,16,TLP,3
0,17,TLP,3
0,18,TLP,3
0,19,TLP,3
0,20,TLP,3
0,21,TLP,3
0,22,TLP,3
0,23,TLP,3
0,24,TLP,3
0,25,TLP,3
0,26,TLP,3
0,27,TLP,3
0,28,TLP,3
0,29,TLP,3
0,30,TLP,3
0,31,TLP,3
0,32,TLP,3
0,33,TLP,3
0,34,TLP,3
0,35,TLP,3
0,36,TLP,3
0,37,TLP,3
0,38,TLP,3
0,39,TLP,3
0,40,TLP,3
0,41,TLP,3
0,42,TLP,3
0,43,TLP,3
0,44,TLP,3
1,0,AC,10
1,1,UINT8,1
1,2,UINT8,1
1,3,BIN,1
1,4,BIN,1
1,5,UINT32,4
1,6,UINT32,4
1,7,UINT32,4
1,8,INT16,2
1,9,INT16,2
1,10,UINT16,2
1,11,AC,10
1,12,UINT16,2
1,13,FL,4
1,14,FL,4
1,15,FL,4
1,16,FL,4
1,17,FL,4
1,18,FL,4
1,19,FL,4
1,20,FL,4
1,21,FL,4
1,22,UINT16,2
2,0,AC,10
2,1,UINT16,2
2,2,UINT8,1
2,3,UINT8,1
2,4,BIN,1
2,5,BIN,1
2,6,UINT32,4
2,7,AC,10
2,8,UINT16,2
2,9,INT16,2
2,10,INT16,2
2,11,FL,4
2,12,FL,4
2,13,FL,4
3,0,AC,10
3,1,AC,10
3,2,UINT16,2
3,3,UINT16,2
3,4,INT16,2
3,5,INT16,2
3,6,FL,4
3,7,FL,4
3,8,FL,4
3,9,FL,4
3,10,FL,4
3,11,FL,4
3,12,FL,4
3,13,FL,4
3,14,FL,4
3,15,BIN,1
3,16,BIN,1
3,17,INT16,2
3,18,UINT16,2
4,0,AC,10
4,1,AC,10
4,2,INT16,2
4,3,INT16,2
4,4,FL,4
4,5,FL,4
4,6,FL,4
4,7,BIN,1
4,8,BIN,1
4,9,INT16,2
5,0,AC,10
5,1,AC,10
5,2,UINT8,1
5,3,UINT8,1
5,4,UINT8,1
5,5,UINT16,2
5,6,FL,4
5,7,FL,4
5,8,FL,4
5,9,FL,4
5,10,FL,4
5,11,FL,4
5,12,FL,4
5,13,FL,4
5,14,BIN,1
5,15,BIN,1
5,16,UINT32,4
5,17,FL,4
5,18,FL,4
5,19,FL,4
5,19,UINT32,4
5,20,UINT32,4
6,0,AC,10
6,1,BIN,1
6,2,UINT8,1
6,3,UINT16,2
6,4,TLP,3
6,5,TLP,3
6,6,FL,4
6,6,FL,4
6,7,TLP,3
6,7,TLP,3
6,8,AC,1
6,8,AC,1
6,9,TLP,3
6,10,TLP,3
6,11,FL,4
6,11,FL,4
6,12,TLP,3
6,12,TLP,3
6,13,AC,1
6,13,AC,1
6,14,FL,4
6,15,FL,4
6,16,UINT16,2
6,16,UINT16,2
6,17,FL,4
6,18,FL,4
6,19,FL,4
6,20,FL,4
6,21,FL,4
6,22,FL,4
6,23,FL,4
6,24,FL,4
6,24,FL,4
6,25,UINT16,2
6,25,UINT16,2
6,26,FL,4
6,27,FL,4
6,28,UINT16,2
6,28,UINT16,2
6,29,FL,4
6,30,FL,4
6,31,FL,4
6,32,FL,4
6,33,FL,4
6,34,FL,4
6,35,FL,4
6,36,FL,4
6,36,FL,4
7,0,AC,10
7,1,FL,4
7,2,FL,4
7,3,BIN,1
7,4,BIN,1
7,5,FL,4
7,6,FL,4
7,7,FL,4
7,8,UINT16,2
7,8,UINT16,2
7,9,FL,4
7,10,FL,4
7,11,FL,4
7,12,UINT8,1
7,13,AC,30
7,14,BIN,1
7,15,FL,4
7,16,FL,4
7,17,FL,4
7,18,FL,4
7,19,FL,4
7,20,FL,4
7,21,FL,4
7,22,FL,4
7,23,FL,4
7,24,FL,4
7,25,FL,4
7,26,FL,4
7,27,FL,4
7,28,FL,4
7,29,FL,4
7,30,FL,4
7,31,FL,4
7,32,FL,4
7,33,FL,4
7,34,FL,4
7,35,FL,4
7,36,FL,4
7,37,FL,4
7,38,FL,4
7,39,FL,4
7,40,FL,4
7,41,FL,4
7,42,FL,4
7,43,UINT8,1
7,44,UINT8,1
7,45,TLP,3
7,46,TLP,3
7,47,TLP,3
7,48,TLP,3
7,49,FL,4
7,50,FL,4
7,51,FL,4
7,52,FL,4
7,53,FL,4
8,0,TLP,3
8,1,TLP,3
8,2,UINT8,1
8,3,UINT8,1
8,4,TLP,3
8,5,TLP,3
8,6,UINT8,1
8,7,UINT8,1
8,8,TLP,3
8,9,TLP,3
8,10,UINT8,1
8,11,UINT8,1
8,12,TLP,3
8,13,TLP,3
8,14,UINT8,1
8,15,UINT8,1
8,16,TLP,3
8,17,TLP,3
8,18,UINT8,1
8,19,UINT8,1
8,20,TLP,3
8,21,TLP,3
8,22,UINT8,1
8,23,UINT8,1
8,24,TLP,3
8,25,TLP,3
8,26,UINT8,1
8,27,UINT8,1
8,28,TLP,3
8,29,TLP,3
8,30,UINT8,1
8,31,UINT8,1
8,32,TLP,3
8,33,TLP,3
8,34,UINT8,1
8,35,UINT8,1
8,36,TLP,3
8,37,TLP,3
8,38,UINT8,1
8,39,UINT8,1
8,40,TLP,3
8,41,TLP,3
8,42,UINT8,1
8,43,UINT8,1
8,44,TLP,3
8,45,TLP,3
8,46,UINT8,1
8,47,UINT8,1
8,48,TLP,3
8,49,TLP,3
8,50,UINT8,1
8,51,UINT8,1
8,52,TLP,3
8,53,TLP,3
8,54,UINT8,1
8,55,UINT8,1
8,56,TLP,3
8,57,TLP,3
8,58,UINT8,1
8,59,UINT8,1
9,0,AC,10
9,1,AC,10
9,2,AC,10
9,3,TLP,3
9,4,TLP,3
9,5,TLP,3
10,0,FL,4
10,1,FL,4
10,2,FL,4
10,3,FL,4
10,4,FL,4
10,5,FL,4
10,5,FL,4
10,6,FL,4
10,6,FL,4
10,7,FL,4
10,7,FL,4
10,7,UINT32,4
10,8,FL,4
10,8,FL,4
10,8,UINT32,4
10,9,FL,4
10,10,FL,4
10,11,FL,4
10,12,FL,4
10,13,FL,4
10,14,FL,4
10,15,FL,4
10,16,FL,4
10,17,FL,4
10,18,FL,4
10,19,FL,4
10,20,FL,4
10,21,FL,4
11,0,AC,10
11,1,AC,10
11,2,TLP,3
11,3,TLP,3
11,4,UINT16,2
11,5,UINT8,1
11,6,UINT8,1
11,7,FL,4
11,8,FL,4
11,9,FL,4
11,10,FL,4
11,11,FL,4
11,12,FL,4
11,13,FL,4
11,14,FL,4
11,15,FL,4
11,16,FL,4
11,17,FL,4
11,18,FL,4
11,19,FL,4
12,0,UINT8,1
12,1,UINT8,1
12,2,UINT8,1
12,3,UINT8,1
12,4,UINT8,1
12,5,UINT8,1
12,6,UINT8,1
12,6,UINT8,1
12,7,UINT8,1
12,7,UINT8,1
12,8,DT6,6
12,8,DT6,6
12,9,UINT8,1
12,10,UINT8,1
13,0,UINT8,1
13,1,UINT8,1
13,2,UINT8,1
13,3,UINT8,1
13,4,UINT8,1
13,5,UINT8,1
13,6,UINT8,1
13,7,UINT8,1
13,8,UINT8,1
13,9,UINT8,1
13,10,UINT8,1
13,11,UINT8,1
13,12,UINT8,1
13,13,UINT8,1
13,14,UINT8,1
13,15,UINT8,1
13,16,UINT8,1
13,17,UINT8,1
13,18,UINT8,1
13,19,UINT8,1
13,20,UINT8,1
13,21,UINT8,1
13,22,UINT8,1
13,23,UINT8,1
13,24,UINT8,1
13,25,UINT8,1
13,26,UINT8,1
13,27,UINT8,1
13,28,UINT8,1
13,29,UINT8,1
14,0,AC,10
14,1,UINT16,2
14,2,UINT8,1
14,3,UINT8,1
14,4,UINT8,1
14,5,BIN,1
14,6,BIN,1
14,7,UINT8,1
14,8,UINT8,1
14,9,UINT8,1
14,10,UINT16,2
14,11,UINT16,2
14,12,UINT16,2
14,13,UINT16,2
14,14,UINT16,2
14,15,UINT8,1
14,16,UINT8,1
14,17,FL,4
14,18,AC,40
14,19,AC,40
14,20,FL,4
14,21,FL,4
14,22,FL,4
14,23,UINT8,1
14,24,FL,4
14,25,UINT8,1
14,26,FL,4
14,27,UINT8,1
14,28,UINT8,1
14,29,UINT8,1
14,30,UINT8,1
14,31,UINT8,1
14,32,UINT8,1
14,33,UINT8,1
14,34,UINT8,1
14,35,UINT8,1
15,0,UINT8,1
15,1,UINT8,1
15,2,AC,20
15,3,UINT8,1
15,4,UINT8,1
15,5,UINT8,1
15,6,UINT8,1
15,7,UINT8,1
15,8,UINT8,1
15,9,UINT8,1
15,10,UINT8,1
15,11,AC,20
15,12,AC,20
15,13,AC,20
15,14,AC,12
15,15,AC,20
15,16,UINT8,1
15,17,UINT8,1
15,18,UINT8,1
15,19,UINT8,1
15,20,BIN,1
15,21,BIN,1
15,22,FL,4
15,23,BIN,1
15,24,UINT16,2
15,25,UINT8,1
16,0,AC,10
16,1,FL,4
16,2,FL,4
16,3,FL,4
16,4,FL,4
16,5,FL,4
16,6,FL,4
16,7,FL,4
16,8,FL,4
16,9,FL,4
16,10,FL,4
16,11,FL,4
16,12,UINT32,4
16,13,UINT32,4
16,14,UINT32,4
16,15,UINT32,4
16,16,AC,30
16,17,AC,30
16,18,AC,10
16,19,UINT8,1
16,20,UINT8,1
16,21,UINT8,1
16,22,UINT8,1
16,23,UINT8,1
16,24,UINT8,1
16,25,UINT16,2
16,25,UINT16,2
16,26,UINT16,2
16,26,UINT16,2
16,27,UINT16,2
17,0,AC,10
17,1,UINT16,2
17,2,FL,4
17,3,FL,4
17,4,FL,4
17,5,FL,4
17,6,FL,4
17,7,FL,4
17,8,FL,4
17,9,FL,4
17,10,FL,4
17,11,FL,4
17,12,FL,4
17,13,FL,4
17,14,FL,4
17,15,FL,4
17,16,FL,4
17,17,FL,4
17,18,FL,4
17,19,FL,4
17,20,FL,4
17,21,FL,4
19,0,FL,4
19,1,UINT8,1
19,1,UINT8,1
19,2,UINT8,1
19,2,UINT8,1
19,3,UINT8,1
19,3,UINT8,1
19,4,UINT8,1
19,4,UINT8,1
19,5,FL,4
40,0,AC,10
40,1,UINT8,1
40,2,BIN,1
40,3,UINT8,1
40,4,UINT8,1
40,5,BIN,1
40,6,BIN,1
40,7,FL,4
40,8,FL,4
40,9,FL,4
40,10,FL,4
40,11,FL,4
40,12,FL,4
40,13,FL,4
40,14,FL,4
40,15,FL,4
40,16,FL,4
40,17,FL,4
40,18,FL,4
40,19,FL,4
40,20,FL,4
40,21,FL,4
40,22,FL,4
40,23,FL,4
40,24,FL,4
40,25,FL,4
40,26,FL,4
40,27,FL,4
40,28,UINT8,1
40,29,UINT8,1
40,30,FL,4
40,31,FL,4
40,32,FL,4
40,33,FL,4
40,34,BIN,1
40,35,BIN,1
40,36,FL,4
40,37,FL,4
40,38,FL,4
40,39,FL,4
40,40,BIN,1
40,41,BIN,1
40,42,FL,4
40,43,FL,4
40,44,FL,4
40,45,FL,4
40,46,BIN,1
40,47,BIN,1
40,48,FL,4
40,49,FL,4
40,50,FL,4
40,51,FL,4
41,0,AC,10
41,1,FL,4
41,2,BIN,1
41,3,TLP,3
41,4,FL,4
41,5,UINT8,1
41,6,UINT8,1
41,7,FL,4
41,8,FL,4
41,9,FL,4
41,10,FL,4
41,11,FL,4
41,12,FL,4
41,13,FL,4
41,14,FL,4
41,15,UINT8,1
41,16,UINT8,1
41,17,TLP,3
41,18,FL,4
41,19,UINT8,1
41,20,UINT8,1
41,21,TLP,3
41,22,FL,4
41,23,UINT8,1
41,24,UINT8,1
41,25,TLP,3
41,26,FL,4
41,27,UINT8,1
41,28,UINT8,1
41,29,TLP,3
41,30,FL,4
41,31,UINT8,1
41,32,UINT8,1
41,33,TLP,3
41,34,FL,4
41,35,UINT8,1
41,36,UINT8,1
41,37,TLP,3
41,38,FL,4
41,39,UINT8,1
41,40,UINT8,1
41,41,TLP,3
41,42,FL,4
41,43,UINT8,1
41,44,UINT8,1
41,45,TLP,3
41,46,FL,4
41,47,UINT8,1
41,48,UINT8,1
41,49,TLP,3
41,50,FL,4
41,51,UINT8,1
41,52,UINT8,1
41,53,TLP,3
41,54,FL,4
41,55,UINT8,1
41,56,UINT8,1
41,57,TLP,3
41,58,FL,4
41,59,UINT8,1
41,60,UINT8,1
41,61,TLP,3
41,62,FL,4
41,63,UINT8,1
41,64,UINT8,1
41,65,TLP,3
41,66,FL,4
41,67,UINT8,1
41,68,UINT8,1
41,69,TLP,3
41,70,FL,4
41,71,UINT8,1
41,72,UINT8,1
41,73,TLP,3
41,74,FL,4
41,75,UINT8,1
41,76,UINT8,1
41,77,TLP,3
41,78,FL,4
42,0,AC,10
42,1,FL,4
42,2,FL,4
42,3,FL,4
42,3,UINT32,4
42,4,FL,4
42,4,UINT32,4
42,5,FL,4
42,5,UINT32,4
42,6,FL,4
42,7,FL,4
42,8,FL,4
42,9,FL,4
42,10,FL,4
42,11,FL,4
42,12,FL,4
42,13,FL,4
42,13,UINT32,4
42,14,FL,4
42,14,UINT32,4
42,15,FL,4
42,15,UINT32,4
42,16,FL,4
42,17,FL,4
42,18,FL,4
42,18,UINT32,4
42,19,FL,4
42,19,UINT32,4
42,20,FL,4
42,20,UINT32,4
42,21,FL,4
42,22,FL,4
42,23,FL,4
42,24,FL,4
42,25,FL,4
42,26,FL,4
42,27,FL,4
42,28,FL,4
43,0,AC,10
43,1,AC,10
43,2,AC,10
43,3,AC,10
43,4,AC,10
43,5,AC,10
43,6,AC,10
43,7,AC,10
43,8,AC,10
43,9,AC,10
43,10,AC,10
43,11,AC,10
43,12,AC,10
43,13,AC,10
43,14,AC,10
43,15,AC,10
43,16,TLP,3
43,17,TLP,3
43,18,TLP,3
43,19,TLP,3
43,20,TLP,3
43,21,TLP,3
43,22,TLP,3
43,23,TLP,3
43,24,TLP,3
43,25,TLP,3
43,26,TLP,3
43,27,TLP,3
43,28,TLP,3
43,29,TLP,3
43,30,TLP,3
43,31,TLP,3
44,0,AC,10
44,1,INT16,2
44,2,INT16,2
44,3,INT16,2
44,4,INT16,2
44,5,INT16,2
44,6,INT16,2
44,7,INT16,2
44,8,INT16,2
44,9,INT16,2
44,10,INT16,2
44,11,INT16,2
44,12,INT16,2
44,13,INT16,2
44,14,INT16,2
44,15,INT16,2
44,16,INT16,2
44,17,FL,4
44,18,UINT32,4
44,19,UINT32,4
45,0,BIN,1
45,1,FL,4
45,2,FL,4
45,3,FL,4
45,4,FL,4
45,5,FL,4
45,6,FL,4
45,7,UINT8,1
45,8,FL,4
45,9,FL,4
46,0,AC,10
46,1,AC,30
46,2,BIN,1
46,3,BIN,1
46,4,BIN,1
46,5,UINT8,1
46,6,FL,4
46,7,FL,4
46,8,FL,4
46,9,UINT8,1
46,10,FL,4
46,11,FL,4
46,12,UINT8,1
46,13,FL,4
46,14,FL,4
46,15,FL,4
46,16,FL,4
46,17,FL,4
46,18,FL,4
46,19,FL,4
46,20,FL,4
46,21,FL,4
46,22,FL,4
46,23,FL,4
46,24,FL,4
46,25,FL,4
46,26,FL,4
46,27,FL,4
46,28,FL,4
46,29,FL,4
46,30,FL,4
46,31,FL,4
46,32,FL,4
46,33,FL,4
46,34,FL,4
46,35,FL,4
46,36,FL,4
46,37,FL,4
46,38,FL,4
46,39,FL,4
46,40,FL,4
46,41,FL,4
46,42,FL,4
46,43,FL,4
46,44,FL,4
46,45,FL,4
46,46,UINT8,1
46,47,TLP,3
46,48,TLP,3
46,49,TLP,3
46,50,TLP,3
46,51,FL,4
46,52,FL,4
46,53,FL,4
46,54,BIN,1
46,55,FL,4
46,56,FL,4
46,57,UINT8,1
46,58,UINT8,1
47,0,FL,4
47,1,FL,4
47,2,FL,4
47,3,FL,4
47,4,FL,4
47,5,FL,4
47,6,FL,4
47,7,FL,4
47,8,FL,4
47,9,FL,4
47,10,FL,4
47,11,FL,4
47,12,FL,4
47,13,FL,4
47,14,FL,4
47,15,FL,4
47,16,FL,4
47,17,FL,4
47,18,FL,4
47,19,FL,4
47,20,FL,4
47,21,FL,4
47,22,FL,4
47,23,FL,4
47,24,FL,4
47,25,FL,4
47,26,FL,4
47,27,FL,4
47,28,FL,4
47,29,FL,4
47,30,FL,4
47,31,FL,4
47,32,FL,4
47,33,FL,4
47,34,FL,4
47,35,FL,4
47,36,FL,4
47,37,FL,4
47,38,FL,4
47,39,FL,4
47,40,FL,4
47,41,FL,4
47,42,FL,4
47,43,FL,4
47,44,FL,4
47,45,FL,4
47,46,FL,4
47,47,FL,4
47,48,FL,4
47,49,FL,4
47,50,FL,4
47,51,FL,4
47,52,FL,4
47,53,FL,4
47,54,FL,4
47,55,FL,4
47,56,UINT8,1
48,0,AC,10
48,1,BIN,1
48,2,UINT8,1
48,3,FL,4
48,4,FL,4
48,5,TLP,3
48,6,FL,4
48,7,FL,4
48,8,FL,4
48,9,FL,4
48,10,FL,4
48,11,FL,4
48,12,FL,4
48,13,FL,4
48,14,FL,4
48,15,TLP,3
48,16,FL,4
48,17,FL,4
48,18,FL,4
48,19,FL,4
48,20,FL,4
48,21,FL,4
48,22,FL,4
48,23,FL,4
48,24,FL,4
48,25,FL,4
48,26,TLP,3
48,27,TLP,3
52,0,AC,10
52,1,FL,4
52,2,FL,4
52,3,FL,4
52,4,FL,4
52,5,FL,4
52,6,FL,4
52,7,UINT8,1
52,8,UINT8,1
52,9,UINT8,1
52,10,UINT8,1
52,11,UINT8,1
52,12,UINT8,1
53,0,BIN,1
53,1,UINT8,1
53,2,INT16,2
53,3,INT16,2
53,4,FL,4
53,5,FL,4
53,6,FL,4
53,7,FL,4
53,8,FL,4
53,9,FL,4
53,10,FL,4
53,11,FL,4
53,12,FL,4
53,13,FL,4
53,14,FL,4
53,15,FL,4
53,16,FL,4
53,17,FL,4
53,18,FL,4
53,19,FL,4
54,0,AC,20
54,1,UINT16,2
54,2,UINT16,2
54,3,TLP,3
54,4,UINT8,1
54,5,UINT16,2
54,6,UINT16,2
54,7,TLP,3
54,8,UINT8,1
54,9,UINT16,2
54,10,UINT16,2
54,11,TLP,3
54,12,UINT8,1
54,13,UINT16,2
54,14,UINT16,2
54,15,TLP,3
54,16,UINT8,1
54,17,UINT16,2
54,18,UINT16,2
54,19,TLP,3
54,20,UINT8,1
54,21,UINT16,2
54,22,UINT16,2
54,23,TLP,3
54,24,UINT8,1
54,25,UINT16,2
54,26,UINT16,2
54,27,TLP,3
54,28,UINT8,1
54,29,UINT16,2
54,30,UINT16,2
54,31,TLP,3
54,32,UINT8,1
54,33,UINT16,2
54,34,UINT16,2
54,35,TLP,3
54,36,UINT8,1
54,37,UINT16,2
54,38,UINT16,2
54,39,TLP,3
54,40,UINT8,1
54,41,UINT16,2
54,42,UINT16,2
54,43,TLP,3
54,44,UINT8,1
54,45,UINT16,2
54,46,UINT16,2
54,47,TLP,3
54,48,UINT8,1
54,49,UINT16,2
54,50,UINT16,2
54,51,TLP,3
54,52,UINT8,1
54,53,UINT16,2
54,54,UINT16,2
54,55,TLP,3
54,56,UINT8,1
54,57,UINT16,2
54,58,UINT16,2
54,59,TLP,3
54,60,UINT8,1
55,0,UINT16,2
55,1,UINT16,2
55,2,UINT16,2
55,3,UINT16,2
55,4,UINT8,1
55,5,UINT16,2
55,6,UINT8,1
55,7,UINT8,1
55,8,UINT8,1
55,9,UINT8,1
55,10,UINT16,2
55,11,UINT8,1
55,12,UINT8,1
55,13,UINT8,1
55,14,UINT8,1
55,15,UINT16,2
55,16,UINT8,1
55,17,UINT8,1
55,18,UINT8,1
55,19,UINT8,1
55,20,UINT16,2
55,21,UINT8,1
55,22,UINT8,1
55,23,UINT8,1
55,24,UINT8,1
55,25,UINT16,2
55,26,UINT8,1
55,27,UINT8,1
55,28,UINT8,1
55,29,UINT8,1
55,30,UINT16,2
55,31,UINT8,1
55,32,UINT8,1
55,33,UINT8,1
55,34,UINT8,1
55,35,UINT16,2
55,36,UINT8,1
55,37,UINT8,1
55,38,UINT8,1
55,39,UINT8,1
55,40,UINT16,2
55,41,UINT8,1
55,42,UINT8,1
55,43,UINT8,1
55,44,UINT8,1
55,45,UINT16,2
55,46,UINT8,1
55,47,UINT8,1
55,48,UINT8,1
55,49,UINT8,1
55,50,UINT16,2
55,51,UINT8,1
55,52,UINT8,1
55,53,UINT8,1
55,54,UINT8,1
56,0,AC,10
56,1,INT16,2
56,2,INT16,2
56,3,INT16,2
56,4,INT16,2
56,5,INT16,2
56,6,FL,4
56,7,FL,4
56,8,FL,4
56,9,FL,4
56,10,FL,4
56,11,FL,4
56,12,FL,4
56,13,FL,4
56,14,UINT16,2
56,15,UINT8,1
56,16,UINT8,1
57,0,AC,3
57,1,UINT8,1
57,2,UINT8,1
57,3,UINT8,1
57,4,UINT16,2
58,0,AC,20
58,1,AC,10
58,2,AC,10
58,3,UINT8,1
59,0,UINT8,1
59,1,INT8,1
59,2,UINT16,2
59,3,UINT16,2
59,4,UINT16,2
59,5,UINT16,2
59,6,UINT32,4
59,7,UINT32,4
59,8,UINT32,4
59,9,UINT32,4
59,10,UINT16,2
59,11,UINT8,1
59,12,UINT8,1
91,0,UINT8,1
91,1,UINT8,1
91,2,AC,20
91,3,AC,20
91,4,AC,20
91,5,AC,20
91,6,AC,20
91,7,UINT32,4
91,8,UINT16,2
91,9,UINT16,2
91,10,UINT8,1
91,11,UINT8,1
91,12,UINT8,1
91,13,UINT16,2
91,14,UINT16,2
91,15,UINT8,1
91,16,UINT8,1
91,17,UINT8,1
91,18,UINT8,1
91,19,UINT8,1
91,20,UINT8,1
91,21,UINT8,1
91,22,UINT8,1
91,23,FL,4
91,24,UINT8,1
91,25,UINT8,1
91,26,UINT8,1
91,27,UINT8,1
91,28,UINT8,1
91,29,UINT8,1
91,30,UINT8,1
91,31,UINT32  ,4
91,32,UINT32  ,4
91,33,UINT32  ,4
91,34,UINT32  ,4
91,35,UINT8,1
91,36,UINT8,1
91,37,AC,20
91,38,AC,20
91,39,UINT8,1
91,40,UINT8,1
92,0,AC,3
92,1,UINT8,1
92,2,UINT8,1
92,3,UINT8,1
92,4,UINT16,2
93,0,UINT8,1
93,1,UINT8,1
93,2,AC,20
93,3,AC,20
93,4,UINT16,2
93,5,AC,10
93,6,UINT8,1
93,7,UINT8,1
93,8,TIME,4
93,9,UINT8,1
95,0,AC,10
95,1,UINT16,2
95,2,UINT8,1
95,3,UINT8,1
95,4,UINT8,1
95,5,UINT8,1
95,6,UINT8,1
95,7,FL,4
95,8,FL,4
95,9,UINT8,1
95,10,UINT8,1
95,11,FL,4
95,12,AC,40
95,13,AC,40
95,14,FL,4
95,15,FL,4
95,16,AC,40
95,17,UINT8,1
95,18,UINT8,1
95,19,UINT16,2
95,20,FL,4
95,21,UINT8,1
95,22,FL,4
95,23,UINT8,1
95,24,FL,4
95,25,UINT8,1
95,26,UINT8,1
95,27,UINT8,1
95,28,UINT8,1
95,29,UINT8,1
95,30,UINT8,1
95,31,UINT8,1
95,32,UINT8,1
95,33,UINT8,1
95,34,UINT8,1
95,35,UINT8,1
95,36,UINT16,2
95,37,TIME,4
95,38,UINT16,2
95,39,TIME,4
95,40,UINT16,2
95,41,TIME,4
95,42,UINT16,2
95,43,UINT8,1
95,44,UINT8,1
95,45,UINT8,1
96,0,AC,10
96,1,FL,4
96,2,FL,4
96,3,FL,4
96,4,FL,4
96,5,FL,4
96,6,FL,4
96,7,FL,4
96,8,FL,4
96,9,FL,4
96,10,FL,4
96,11,FL,4
96,12,UINT32,4
96,13,UINT32,4
96,14,UINT32,4
96,15,UINT32,4
96,16,AC,30
96,17,AC,30
96,18,AC,10
96,19,UINT8,1
96,20,UINT8,1
96,21,UINT8,1
96,22,UINT8,1
96,23,UINT8,1
96,24,UINT8,1
96,25,UINT16,2
96,26,UINT16,2
96,27,UINT16,2
96,28,AC,10
96,29,AC,40
96,30,AC,10
97,0,AC,10
97,1,AC,10
97,2,AC,10
97,3,AC,10
97,4,AC,10
97,5,AC,10
97,6,AC,10
97,7,AC,10
97,8,AC,10
97,9,AC,10
98,0,AC,40
98,1,FL,4
98,2,FL,4
98,3,FL,4
98,4,FL,4
98,5,FL,4
98,6,FL,4
98,7,FL,4
98,8,FL,4
98,9,FL,4
98,10,FL,4
98,11,FL,4
98,12,FL,4
98,13,FL,4
98,14,FL,4
98,15,FL,4
98,16,FL,4
98,17,FL,4
98,18,FL,4
98,19,FL,4
98,20,FL,4
98,21,UINT32,4
98,22,UINT32,4
98,23,UINT16,2
98,24,UINT16,2
98,25,UINT16,2
98,26,UINT16,2
98,27,UINT16,2
98,28,UINT16,2
98,29,UINT16,2
98,30,UINT16,2
98,31,UINT16,2
98,32,UINT16,2
98,33,UINT8,1
98,34,UINT8,1
98,35,UINT8,1
98,36,UINT8,1
98,37,UINT8,1
98,38,UINT8,1
98,39,UINT8,1
98,40,UINT8,1
98,41,UINT8,1
98,42,UINT8,1
99,0,FL,4
99,1,TLP,3
99,2,TLP,3
99,3,TLP,3
99,4,TLP,3
99,5,TLP,3
99,6,TLP,3
99,7,TLP,3
99,8,TLP,3
99,9,TLP,3
99,10,TLP,3
99,11,TLP,3
99,12,TLP,3
99,13,TLP,3
99,14,TLP,3
99,15,TLP,3
99,16,TLP,3
99,17,TLP,3
99,18,TLP,3
99,19,TLP,3
99,20,TLP,3
99,21,TLP,3
99,22,TLP,3
99,23,TLP,3
99,24,TLP,3
99,25,TLP,3
99,26,TLP,3
99,27,TLP,3
99,28,TLP,3
99,29,TLP,3
99,30,TLP,3
99,31,TLP,3
99,32,TLP,3
99,33,TLP,3
99,34,TLP,3
99,35,TLP,3
99,36,TLP,3
99,37,TLP,3
99,38,TLP,3
99,39,TLP,3
99,40,TLP,3
99,41,TLP,3
99,42,TLP,3
99,43,TLP,3
99,44,TLP,3
100,0,AC,10
100,1,UINT8,1
100,2,UINT8,1
100,3,HOURMINUTE,2
100,4,HOURMINUTE,2
100,5,HOURMINUTE,2
100,6,UINT32,4
100,7,UINT32,4
100,8,UINT32,4
100,9,UINT32,4
100,10,UINT32,4
100,11,UINT32,4
100,12,UINT8,1
100,13,UINT32,4
100,14,UINT32,4
100,15,TLP,3
100,16,FL,4
100,17,UINT32,4
100,18,UINT32,4
100,19,FL,4
101,0,AC,10
101,1,UINT8,1
101,2,FL,4
101,3,UINT8,1
101,4,UINT8,1
101,5,UINT8,1
101,6,UINT32,4
101,7,FL,4
101,8,FL,4
101,9,UINT8,1
101,10,UINT8,1
101,11,UINT8,1
101,12,BIN,1
101,13,FL,4
102,0,AC,10
102,1,AC,10
102,2,UINT8,1
102,3,UINT8,1
102,4,UINT8,1
102,5,UINT8,1
102,6,BIN,1
102,7,UINT8,1
102,8,UINT8,1
102,9,UINT32,4
102,10,UINT8,1
102,11,UINT8,1
102,12,UINT8,1
102,13,UINT8,1
102,14,FL,4
102,15,FL,4
102,16,FL,4
102,17,FL,4
102,18,FL,4
102,19,FL,4
102,20,FL,4
102,21,UINT8,1
102,22,UINT8,1
102,23,FL,4
103,0,AC,10
103,1,AC,10
103,2,UINT8,1
103,3,FL,4
103,4,FL,4
103,5,UINT8,1
103,6,UINT8,1
103,7,UINT16,2
103,8,UINT16,2
103,9,UINT16,2
103,10,UINT16,2
103,11,UINT16,2
103,12,UINT16,2
103,13,FL,4
103,14,FL,4
103,15,FL,4
103,16,FL,4
103,17,FL,4
103,18,FL,4
103,19,FL,4
103,20,FL,4
103,21,FL,4
103,22,UINT8,1
103,23,FL,4
103,24,FL,4
103,25,FL,4
103,26,FL,4
103,27,FL,4
103,28,FL,4
103,29,UINT8,1
103,30,UINT8,1
103,31,UINT8,1
103,32,BIN,1
103,33,FL,4
103,34,UINT8,1
103,35,UINT8,1
104,0,AC,10
104,1,AC,10
104,2,UINT8,1
104,3,UINT8,1
104,4,UINT8,1
104,5,UINT8,1
104,6,BIN,1
104,7,UINT8,1
104,8,UINT16,2
104,9,UINT16,2
104,10,FL,4
104,11,FL,4
104,12,FL,4
104,13,UINT16,2
104,14,FL,4
104,15,FL,4
105,0,AC,10
105,1,AC,10
105,2,UINT8,1
105,3,FL,4
105,4,UINT32,4
105,5,UINT8,1
105,6,UINT32,4
105,7,UINT8,1
105,8,UINT8,1
105,9,FL,4
105,10,FL,4
105,11,UINT8,1
105,12,FL,4
105,13,FL,4
105,14,FL,4
105,15,FL,4
105,16,FL,4
105,17,FL,4
105,18,FL,4
105,19,FL,4
105,20,UINT8,1
105,21,UINT8,1
105,22,UINT8,1
105,23,BIN,1
105,24,FL,4
105,25,FL,4
105,26,FL,4
106,0,AC,10
106,1,AC,10
106,2,UINT8,1
106,3,FL,4
106,4,FL,4
106,5,UINT8,1
106,6,UINT8,1
106,7,UINT8,1
106,8,UINT16,2
106,9,UINT16,2
106,10,UINT16,2
106,11,UINT16,2
106,12,UINT16,2
106,13,UINT16,2
106,14,FL,4
106,15,FL,4
106,16,FL,4
106,17,FL,4
106,18,FL,4
106,19,FL,4
106,20,FL,4
106,21,FL,4
106,22,FL,4
106,23,UINT8,1
106,24,FL,4
106,25,FL,4
106,26,FL,4
106,27,FL,4
106,28,FL,4
106,29,FL,4
106,30,UINT8,1
106,31,UINT8,1
106,32,UINT8,1
106,33,BIN,1
106,34,FL,4
106,35,UINT8,1
106,36,UINT8,1
106,37,UINT8,1
107,0,AC,10
107,1,AC,10
107,2,UINT8,1
107,3,UINT8,1
107,4,UINT8,1
107,5,FL,4
107,6,FL,4
107,7,UINT8,1
107,8,UINT8,1
107,9,FL,4
107,10,FL,4
107,11,FL,4
107,12,FL,4
107,13,FL,4
107,14,FL,4
107,15,FL,4
107,16,UINT8,1
107,17,UINT8,1
107,18,UINT8,1
107,19,BIN,1
108,0,AC,10
108,1,UINT8,1
108,2,UINT8,1
108,3,UINT8,1
108,4,UINT8,1
108,5,UINT8,1
108,6,UINT8,1
108,7,UINT8,1
108,8,FL,4
108,9,UINT8,1
108,10,BIN,1
108,11,BIN,1
108,12,FL,4
108,13,FL,4
108,14,FL,4
108,15,FL,4
108,16,FL,4
108,17,FL,4
108,18,FL,4
108,19,FL,4
108,20,FL,4
108,21,FL,4
108,22,FL,4
108,23,FL,4
108,24,FL,4
108,25,UINT8,1
108,26,UINT8,1
108,27,UINT8,1
108,28,BIN,1
108,29,FL,4
108,30,FL,4
108,31,FL,4
108,32,FL,4
108,33,FL,4
108,34,FL,4
108,35,FL,4
108,36,FL,4
108,37,FL,4
108,38,FL,4
108,39,FL,4
108,40,UINT8,1
108,41,UINT8,1
108,42,UINT8,1
108,43,BIN,1
108,44,FL,4
108,45,FL,4
108,46,FL,4
108,47,FL,4
108,48,FL,4
108,49,FL,4
108,50,FL,4
108,51,FL,4
108,52,FL,4
108,53,FL,4
108,54,FL,4
108,55,UINT8,1
108,56,UINT8,1
108,57,UINT8,1
108,58,BIN,1
108,59,UINT8,1
108,60,UINT8,1
108,61,FL,4
108,62,UINT8,1
108,63,UINT8,1
109,0,AC,10
109,1,AC,10
109,2,UINT8,1
109,3,FL,4
109,4,FL,4
109,5,UINT8,1
109,6,UINT8,1
109,7,UINT16,2
109,8,UINT16,2
109,9,UINT16,2
109,10,FL,4
109,11,FL,4
109,12,FL,4
109,13,UINT8,1
109,14,FL,4
109,15,FL,4
109,16,FL,4
109,17,FL,4
109,18,FL,4
109,19,FL,4
109,20,UINT8,1
109,21,UINT8,1
109,22,UINT8,1
109,23,BIN,1
110,0,AC,10
110,1,UINT8,1
110,2,FL,4
110,3,FL,4
110,4,UINT8,1
110,5,UINT8,1
110,6,UINT8,1
110,7,UINT8,1
110,8,TLP,3
110,9,FL,4
110,10,TLP,3
110,11,FL,4
110,12,FL,4
110,13,FL,4
110,14,FL,4
110,15,FL,4
110,16,FL,4
110,17,FL,4
110,18,FL,4
110,19,FL,4
110,20,FL,4
110,21,UINT8,1
110,22,UINT8,1
110,23,TLP,3
110,24,FL,4
110,25,TLP,3
110,26,FL,4
110,27,FL,4
110,28,FL,4
110,29,FL,4
110,30,FL,4
110,31,FL,4
110,32,FL,4
110,33,FL,4
110,34,FL,4
110,35,FL,4
110,36,UINT8,1
110,37,FL,4
110,38,TLP,3
110,39,TLP,3
110,40,TLP,3
110,41,FL,4
110,42,FL,4
110,43,UINT8,1
110,44,UINT8,1
110,45,UINT8,1
110,46,UINT8,1
110,47,UINT8,1
110,48,UINT8,1
110,49,UINT8,1
110,50,UINT8,1
110,51,UINT8,1
110,52,UINT8,1
111,0,UINT8,1
111,1,TLP,3
111,2,FL,4
111,3,UINT8,1
111,4,FL,4
111,5,FL,4
111,6,TLP,3
112,0,AC,10
112,1,UINT8,1
112,2,UINT8,1
112,3,UINT8,1
112,4,UINT8,1
112,5,UINT8,1
112,6,UINT8,1
112,7,UINT8,1
112,8,BIN,1
112,9,FL,4
112,10,FL,4
112,11,FL,4
112,12,UINT8,1
112,13,FL,4
112,14,FL,4
112,15,UINT8,1
112,16,FL,4
112,17,UINT8,1
112,18,FL,4
112,19,FL,4
112,20,FL,4
112,21,UINT8,1
112,22,FL,4
112,23,FL,4
112,24,UINT8,1
112,25,UINT8,1
112,26,FL,4
112,27,FL,4
112,28,FL,4
112,29,FL,4
112,30,FL,4
112,31,FL,4
112,32,FL,4
112,33,FL,4
112,34,FL,4
112,35,FL,4
112,36,FL,4
112,37,FL,4
112,38,FL,4
112,39,FL,4
112,40,FL,4
112,41,FL,4
112,42,FL,4
112,43,FL,4
112,44,FL,4
112,45,FL,4
112,46,UINT8,1
112,47,FL,4
112,48,FL,4
112,49,FL,4
112,50,FL,4
112,51,FL,4
112,52,FL,4
112,53,FL,4
112,54,FL,4
112,55,FL,4
112,56,FL,4
112,57,FL,4
112,58,FL,4
112,59,FL,4
112,60,FL,4
112,61,FL,4
113,0,AC,10
113,1,AC,30
113,2,UINT8,1
113,3,UINT8,1
113,4,UINT8,1
113,5,UINT8,1
113,6,UINT8,1
113,7,BIN,1
113,8,FL,4
113,9,FL,4
113,10,FL,4
113,11,UINT8,1
113,12,FL,4
113,13,FL,4
113,14,UINT8,1
113,15,FL,4
113,16,FL,4
113,17,UINT8,1
113,18,FL,4
113,19,FL,4
113,20,FL,4
113,21,UINT8,1
113,22,FL,4
113,23,FL,4
113,24,TLP,3
113,25,TLP,3
113,26,FL,4
113,27,TLP,3
113,28,FL,4
113,29,TLP,3
113,30,FL,4
113,31,UINT8,1
113,32,UINT8,1
113,33,FL,4
113,34,FL,4
114,0,FL,4
114,1,FL,4
114,2,FL,4
114,3,FL,4
114,4,FL,4
114,5,FL,4
114,6,FL,4
114,7,FL,4
114,8,FL,4
114,9,FL,4
114,10,FL,4
114,11,FL,4
114,12,FL,4
114,13,FL,4
114,14,FL,4
114,15,FL,4
114,16,FL,4
114,17,FL,4
114,18,FL,4
114,19,FL,4
114,20,FL,4
114,21,FL,4
114,22,FL,4
114,23,FL,4
114,24,FL,4
114,25,FL,4
114,26,FL,4
114,27,FL,4
114,28,FL,4
114,29,FL,4
114,30,FL,4
114,31,FL,4
114,32,FL,4
114,33,FL,4
115,0,AC,10
115,1,AC,30
115,2,UINT8,1
115,3,UINT8,1
115,4,UINT8,1
115,5,UINT8,1
115,6,BIN,1
115,7,FL,4
115,8,FL,4
115,9,FL,4
115,10,UINT8,1
115,11,FL,4
115,12,UINT32,4
115,13,TLP,3
115,14,FL,4
115,15,TLP,3
115,16,FL,4
115,17,TLP,3
115,18,FL,4
115,19,UINT8,1
115,20,FL,4
115,21,FL,4
115,22,FL,4
116,0,FL,4
116,1,FL,4
116,2,FL,4
116,3,FL,4
116,4,FL,4
116,5,FL,4
116,6,FL,4
116,7,FL,4
116,8,FL,4
116,9,UINT32,4
116,10,FL,4
116,11,FL,4
116,12,FL,4
116,13,FL,4
116,14,FL,4
116,15,FL,4
116,16,FL,4
116,17,FL,4
116,18,FL,4
116,19,FL,4
116,20,FL,4
116,21,FL,4
116,22,FL,4
116,23,FL,4
116,24,FL,4
116,25,FL,4
116,26,FL,4
116,27,FL,4
116,28,FL,4
116,29,FL,4
116,30,FL,4
116,31,FL,4
117,0,UINT8,1
117,1,UINT8,1
117,2,UINT8,1
117,3,UINT8,1
117,4,UINT8,1
117,5,UINT16,2
117,6,UINT16,2
117,7,UINT8,1
117,8,FL,4
117,9,UINT8,1
117,10,INT16,2
117,11,INT16,2
117,12,FL,4
117,13,FL,4
117,14,FL,4
117,15,FL,4
117,16,FL,4
117,17,FL,4
117,18,FL,4
117,19,FL,4
117,20,FL,4
117,21,FL,4
117,22,FL,4
117,23,FL,4
117,24,FL,4
117,25,FL,4
117,26,FL,4
117,27,FL,4
118,0,AC,10
118,1,UINT16,2
118,2,UINT16,2
118,3,TLP,3
118,4,UINT8,1
118,5,UINT8,1
118,6,UINT8,1
118,7,UINT16,2
118,8,UINT16,2
118,9,TLP,3
118,10,UINT8,1
118,11,UINT8,1
118,12,UINT8,1
118,13,UINT16,2
118,14,UINT16,2
118,15,TLP,3
118,16,UINT8,1
118,17,UINT8,1
118,18,UINT8,1
118,19,UINT16,2
118,20,UINT16,2
118,21,TLP,3
118,22,UINT8,1
118,23,UINT8,1
118,24,UINT8,1
118,25,UINT16,2
118,26,UINT16,2
118,27,TLP,3
118,28,UINT8,1
118,29,UINT8,1
118,30,UINT8,1
118,31,UINT16,2
118,32,UINT16,2
118,33,TLP,3
118,34,UINT8,1
118,35,UINT8,1
118,36,UINT8,1
118,37,UINT16,2
118,38,UINT16,2
118,39,TLP,3
118,40,UINT8,1
118,41,UINT8,1
118,42,UINT8,1
118,43,UINT16,2
118,44,UINT16,2
118,45,TLP,3
118,46,UINT8,1
118,47,UINT8,1
118,48,UINT8,1
118,49,UINT16,2
118,50,UINT16,2
118,51,TLP,3
118,52,UINT8,1
118,53,UINT8,1
118,54,UINT8,1
118,55,UINT16,2
118,56,UINT16,2
118,57,TLP,3
118,58,UINT8,1
118,59,UINT8,1
118,60,UINT8,1
118,61,UINT16,2
118,62,UINT16,2
118,63,TLP,3
118,64,UINT8,1
118,65,UINT8,1
118,66,UINT8,1
118,67,UINT16,2
118,68,UINT16,2
118,69,TLP,3
118,70,UINT8,1
118,71,UINT8,1
118,72,UINT8,1
118,73,UINT16,2
118,74,UINT16,2
118,75,TLP,3
118,76,UINT8,1
118,77,UINT8,1
118,78,UINT8,1
118,79,UINT16,2
118,80,UINT16,2
118,81,TLP,3
118,82,UINT8,1
118,83,UINT8,1
118,84,UINT8,1
118,85,UINT16,2
118,86,UINT16,2
118,87,TLP,3
118,88,UINT8,1
118,89,UINT8,1
118,90,UINT8,1
119,0,UINT16,2
119,1,UINT16,2
119,2,UINT16,2
119,3,UINT16,2
119,4,UINT16,2
119,5,UINT8,1
119,6,UINT16,2
119,7,UINT16,2
119,8,UINT8,1
119,9,UINT16,2
119,10,UINT16,2
119,11,UINT8,1
119,12,UINT16,2
119,13,UINT16,2
119,14,UINT8,1
119,15,UINT16,2
119,16,UINT16,2
119,17,UINT8,1
119,18,UINT16,2
119,19,UINT16,2
119,20,UINT8,1
119,21,UINT16,2
119,22,UINT16,2
119,23,UINT8,1
119,24,UINT16,2
119,25,UINT16,2
119,26,UINT8,1
119,27,UINT16,2
119,28,UINT16,2
119,29,UINT8,1
119,30,UINT16,2
119,31,UINT16,2
119,32,UINT8,1
119,33,UINT16,2
119,34,UINT16,2
119,35,UINT8,1
119,36,UINT16,2
119,37,UINT16,2
119,38,UINT8,1
119,39,UINT16,2
119,40,UINT16,2
119,41,UINT8,1
119,42,UINT16,2
119,43,UINT16,2
119,44,UINT8,1
119,45,UINT16,2
119,46,UINT16,2
119,47,UINT8,1
119,48,UINT16,2
119,49,UINT16,2
119,50,UINT8,1
119,51,UINT16,2
119,52,UINT16,2
119,53,UINT8,1
119,54,UINT16,2
119,55,UINT16,2
119,56,UINT8,1
119,57,UINT16,2
119,58,UINT16,2
119,59,UINT8,1
119,60,UINT16,2
119,61,UINT16,2
119,62,UINT8,1
119,63,UINT16,2
119,64,UINT16,2
119,65,UINT8,1
119,66,UINT16,2
119,67,UINT16,2
119,68,UINT8,1
119,69,UINT16,2
119,70,UINT16,2
119,71,UINT8,1
119,72,UINT16,2
119,73,UINT16,2
119,74,UINT8,1
119,75,UINT16,2
119,76,UINT16,2
119,77,UINT8,1
119,78,UINT16,2
119,79,UINT16,2
119,80,UINT8,1
119,81,UINT16,2
119,82,UINT16,2
119,83,UINT8,1
119,84,UINT16,2
119,85,UINT16,2
119,86,UINT8,1
119,87,UINT16,2
119,88,UINT16,2
119,89,UINT8,1
119,90,UINT16,2
119,91,UINT16,2
119,92,UINT8,1
119,93,UINT16,2
119,94,UINT16,2
119,95,UINT8,1
119,96,UINT16,2
119,97,UINT16,2
119,98,UINT8,1
119,99,UINT16,2
119,100,UINT16,2
119,101,UINT8,1
119,102,UINT16,2
119,103,UINT16,2
119,104,UINT8,1
119,105,UINT16,2
119,106,UINT16,2
119,107,UINT8,1
119,108,UINT16,2
119,109,UINT16,2
119,110,UINT8,1
119,111,UINT16,2
119,112,UINT16,2
119,113,UINT8,1
119,114,UINT16,2
119,115,UINT16,2
119,116,UINT8,1
119,117,UINT16,2
119,118,UINT16,2
119,119,UINT8,1
119,120,UINT16,2
119,121,UINT16,2
119,122,UINT8,1
120,0,AC,10
120,1,UINT8,1
120,2,AC,30
120,3,UINT8,1
120,4,AC,30
120,5,UINT8,1
120,6,AC,30
120,7,UINT8,1
120,8,AC,30
120,9,UINT8,1
120,10,AC,30
120,11,UINT8,1
120,12,AC,30
122,0,UINT8,1
122,1,UINT8,1
122,2,UINT8,1
122,3,UINT8,1
122,4,UINT8,1
122,5,UINT8,1
122,6,UINT8,1
124,0,AC,10
124,1,UINT16,2
124,2,UINT16,2
124,3,UINT16,2
124,4,UINT16,2
124,5,UINT16,2
124,6,UINT16,2
124,7,UINT8,1
124,8,UINT8,1
124,9,UINT8,1
124,10,UINT32,4
124,11,UINT8,1
124,12,UINT16,2
125,0,AC,10
125,1,AC,10
125,2,TLP,3
125,3,UINT8,1
125,4,UINT8,1
125,5,FL,4
125,6,FL,4
126,0,AC,10
126,1,AC,10
126,2,TLP,3
126,3,UINT8,1
126,4,UINT8,1
126,5,FL,4
126,6,FL,4
127,0,AC,10
127,1,AC,10
127,2,TLP,3
127,3,UINT8,1
127,4,UINT8,1
127,5,FL,4
127,6,FL,4
128,0,AC,10
128,1,AC,10
128,2,TLP,3
128,3,UINT8,1
128,4,UINT8,1
128,5,FL,4
128,6,FL,4
129,0,AC,10
129,1,AC,10
129,2,TLP,3
129,3,UINT8,1
129,4,UINT8,1
129,5,FL,4
129,6,FL,4
130,0,AC,10
130,1,AC,10
130,2,TLP,3
130,3,UINT8,1
130,4,UINT8,1
130,5,FL,4
130,6,FL,4
131,0,AC,10
131,1,AC,10
131,2,TLP,3
131,3,UINT8,1
131,4,UINT8,1
131,5,FL,4
131,6,FL,4
132,0,AC,10
132,1,AC,10
132,2,TLP,3
132,3,UINT8,1
132,4,UINT8,1
132,5,FL,4
132,6,FL,4
133,0,AC,10
133,1,AC,10
133,2,TLP,3
133,3,UINT8,1
133,4,UINT8,1
133,5,FL,4
133,6,FL,4
134,0,AC,10
134,1,AC,10
134,2,TLP,3
134,3,UINT8,1
134,4,UINT8,1
134,5,FL,4
134,6,FL,4
135,0,AC,10
135,1,AC,10
135,2,TLP,3
135,3,UINT8,1
135,4,UINT8,1
135,5,FL,4
135,6,FL,4
136,0,UINT8,1
136,1,UINT8,1
136,2,UINT8,1
136,3,UINT8,1
136,4,UINT8,1
136,5,UINT16,2
136,6,UINT8,1
136,7,TIME,4
136,8,UINT8,1
137,0,AC,12
137,1,AC,20
137,2,AC,20
137,3,AC,20
112,62,FL,4
101,14,FL,4
93,10,TIME,4
121,0,AC,10
121,1,UINT8,1
121,2,UINT8,1
121,3,UINT16,2
121,4,UINT16,2
121,5,UINT8,1
121,6,UINT8,1
121,7,UINT8,1
121,8,UINT8,1
121,9,UINT16,2
121,10,UINT16,2
121,11,UINT8,1
121,12,UINT8,1
121,13,UINT8,1
121,14,UINT8,1
121,15,UINT16,2
121,16,UINT16,2
121,17,UINT8,1
121,18,UINT8,1
121,19,UINT8,1
121,20,UINT8,1
121,21,UINT16,2
121,22,UINT16,2
121,23,UINT8,1
121,24,UINT8,1
121,25,UINT8,1
121,26,UINT8,1
121,27,UINT16,2
121,28,UINT16,2
121,29,UINT8,1
121,30,UINT8,1
121,31,UINT8,1
121,32,UINT8,1
121,33,UINT16,2
121,34,UINT16,2
121,35,UINT8,1
121,36,UINT8,1
121,37,UINT8,1
121,38,UINT8,1
121,39,UINT16,2
121,40,UINT16,2
121,41,UINT8,1
121,42,UINT8,1
121,43,UINT8,1
121,44,UINT8,1
121,45,UINT16,2
121,46,UINT16,2
121,47,UINT8,1
121,48,UINT8,1
121,49,UINT8,1
121,50,UINT8,1
121,51,UINT16,2
121,52,UINT16,2
121,53,UINT8,1
121,54,UINT8,1
121,55,UINT8,1
121,56,UINT8,1
121,57,UINT16,2
121,58,UINT16,2
121,59,UINT8,1
121,60,UINT8,1
121,61,UINT8,1
121,62,UINT8,1
121,63,UINT16,2
121,64,UINT16,2
121,65,UINT8,1
121,66,UINT8,1
121,67,UINT8,1
121,68,UINT8,1
121,69,UINT16,2
121,70,UINT16,2
121,71,UINT8,1
121,72,UINT8,1
121,73,UINT8,1
121,74,UINT8,1
121,75,UINT16,2
121,76,UINT16,2
121,77,UINT8,1
121,78,UINT8,1
121,79,UINT8,1
121,80,UINT8,1
121,81,UINT16,2
121,82,UINT16,2
121,83,UINT8,1
121,84,UINT8,1
121,85,UINT8,1
121,86,UINT8,1
121,87,UINT16,2
121,88,UINT16,2
121,89,UINT8,1
121,90,UINT8,1
121,91,UINT8,1
121,92,UINT8,1
121,93,UINT16,2
121,94,UINT16,2
121,95,UINT8,1
121,96,UINT8,1
121,97,UINT8,1
121,98,UINT8,1
121,99,UINT16,2
121,100,UINT16,2
121,101,UINT8,1
121,102,UINT8,1
121,103,UINT8,1
121,104,UINT8,1
121,105,UINT16,2
121,106,UINT16,2
121,107,UINT8,1
121,108,UINT8,1
121,109,UINT8,1
121,110,UINT8,1
121,111,UINT16,2
121,112,UINT16,2
121,113,UINT8,1
121,114,UINT8,1
121,115,UINT8,1
121,116,UINT8,1
121,117,UINT16,2
121,118,UINT16,2
121,119,UINT8,1
121,120,UINT8,1
121,121,UINT8,1
121,122,UINT8,1
121,123,UINT16,2
121,124,UINT16,2
121,125,UINT8,1
121,126,UINT8,1
121,127,UINT8,1
121,128,UINT8,1
121,129,UINT16,2
121,130,UINT16,2
121,131,UINT8,1
121,132,UINT8,1
121,133,UINT8,1
121,134,UINT8,1
121,135,UINT16,2
121,136,UINT16,2
121,137,UINT8,1
121,138,UINT8,1
121,139,UINT8,1
121,140,UINT8,1
121,141,UINT16,2
121,142,UINT16,2
121,143,UINT8,1
121,144,UINT8,1
121,145,UINT8,1
121,146,UINT8,1
121,147,UINT16,2
121,148,UINT16,2
121,149,UINT8,1
121,150,UINT8,1
101,15,UINT8,1
122,7,UINT8,1
137,4,UINT16,2
137,5,UINT8,1
137,6,FL,4
137,7,UINT8,1
137,8,UINT32,4
86,0,UINT8,1
86,2,TLP,3
86,3,TLP,3
86,4,UINT8,1
86,5,UINT8,1
86,6,TLP,3
86,7,TLP,3
86,8,UINT8,1
86,9,UINT8,1
86,10,TLP,3
86,11,TLP,3
86,12,UINT8,1
86,13,UINT8,1
86,14,TLP,3
86,15,TLP,3
86,16,UINT8,1
86,17,UINT8,1
86,18,TLP,3
86,19,TLP,3
86,20,UINT8,1
86,21,UINT8,1
86,22,TLP,3
86,23,TLP,3
86,24,UINT8,1
86,25,UINT8,1
86,26,TLP,3
86,27,TLP,3
86,28,UINT8,1
86,29,UINT8,1
86,30,TLP,3
86,31,TLP,3
86,32,UINT8,1
86,33,UINT8,1
86,34,TLP,3
86,35,TLP,3
86,36,UINT8,1
86,37,UINT8,1
86,38,TLP,3
86,39,TLP,3
86,40,UINT8,1
86,41,UINT8,1
86,42,TLP,3
86,43,TLP,3
86,44,UINT8,1
86,45,UINT8,1
86,46,TLP,3
86,47,TLP,3
86,48,UINT8,1
86,49,UINT8,1
86,50,TLP,3
86,51,TLP,3
86,52,UINT8,1
86,53,UINT8,1
86,54,TLP,3
86,55,TLP,3
86,56,UINT8,1
86,57,UINT8,1
86,58,TLP,3
86,59,TLP,3
86,60,UINT8,1
86,61,UINT8,1
21,0,AC,20
21,1,UINT32,4
21,2,UINT8,1
104,16,FL,4
102,24,UINT8,1
86,1,UINT8,1
14,10,UINT16,2
94,0,AC,20
94,1,AC,12
94,2,TIME,4
94,3,AC,12
94,4,UINT8,1
94,5,UINT8,1
94,6,UINT8,1
94,7,UINT32,4
94,8,UINT32,4
94,9,UINT32,4
94,10,UINT32,4
94,11,UINT32,4
138,0,AC,12
138,1,UINT32,4
138,2,UINT32,4
138,3,UINT32,4
138,4,UINT32,4
91,41,UINT32,4
91,42,UINT32,4
115,23,UINT8,1
116,32,FL,4
116,33,FL,4
136,9,UINT32,4
109,24,UINT8,1
40,52,FL,4
112,63,FL,4
112,64,FL,4
112,65,FL,4
114,34,FL,4
114,35,FL,4
114,36,FL,4
114,37,FL,4
114,38,FL,4
114,39,FL,4
114,40,FL,4
116,34,FL,4
116,35,FL,4
116,36,FL,4
116,37,FL,4
116,38,FL,4
116,39,FL,4
116,40,FL,4
5,20,UINT8,1
3,19,FL,4
15,5,UINT8,1
92,5,UINT8,1
57,5,UINT8,1
125,7,TIME,4
125,8,FL,4
125,9,TIME,4
125,10,FL,4
125,11,TIME,4
125,12,FL,4
125,13,TIME,4
125,14,FL,4
126,7,TIME,4
126,8,FL,4
126,9,TIME,4
126,10,FL,4
126,11,TIME,4
126,12,FL,4
126,13,TIME,4
126,14,FL,4
127,7,TIME,4
127,8,FL,4
127,9,TIME,4
127,10,FL,4
127,11,TIME,4
127,12,FL,4
127,13,TIME,4
127,14,FL,4
128,7,TIME,4
128,8,FL,4
128,9,TIME,4
128,10,FL,4
128,11,TIME,4
128,12,FL,4
128,13,TIME,4
128,14,FL,4
129,7,TIME,4
129,8,FL,4
129,9,TIME,4
129,10,FL,4
129,11,TIME,4
129,12,FL,4
129,13,TIME,4
129,14,FL,4
130,7,TIME,4
130,8,FL,4
130,9,TIME,4
130,10,FL,4
130,11,TIME,4
130,12,FL,4
130,13,TIME,4
130,14,FL,4
131,7,TIME,4
131,8,FL,4
131,9,TIME,4
131,10,FL,4
131,11,TIME,4
131,12,FL,4
131,13,TIME,4
131,14,FL,4
132,7,TIME,4
132,8,FL,4
132,9,TIME,4
132,10,FL,4
132,11,TIME,4
132,12,FL,4
132,13,TIME,4
132,14,FL,4
133,7,TIME,4
133,8,FL,4
133,9,TIME,4
133,10,FL,4
133,11,TIME,4
133,12,FL,4
133,13,TIME,4
133,14,FL,4
134,7,TIME,4
134,8,FL,4
134,9,TIME,4
134,10,FL,4
134,11,TIME,4
134,12,FL,4
134,13,TIME,4
134,14,FL,4
135,7,TIME,4
135,8,FL,4
135,9,TIME,4
135,10,FL,4
135,11,TIME,4
135,12,FL,4
135,13,TIME,4
135,14,FL,4
91,43,UINT16,2
91,44,UINT16,2
91,45,UINT16,2
91,46,UINT16,2
113,35,UINT8,1
10,21,FL,4
10,22,FL,4
10,23,FL,4
10,24,FL,4
10,25,FL,4
10,26,FL,4
10,27,FL,4
10,28,FL,4
10,29,FL,4
10,30,FL,4
10,31,FL,4
10,32,FL,4
10,33,FL,4
10,34,FL,4
10,35,FL,4
10,36,FL,4
10,37,FL,4
10,38,FL,4
10,39,FL,4
10,40,FL,4
10,41,FL,4
10,42,FL,4
10,43,FL,4
10,44,FL,4
10,45,FL,4
10,46,FL,4
10,47,FL,4
10,48,FL,4
10,49,FL,4
10,50,FL,4
10,51,FL,4
10,52,FL,4
10,53,FL,4
10,54,FL,4
10,55,FL,4
10,56,FL,4
10,57,FL,4
10,58,FL,4
10,59,FL,4
10,60,FL,4
10,61,FL,4
10,62,FL,4
10,63,FL,4
10,64,FL,4
10,65,FL,4
10,66,FL,4
10,67,UINT8,1
46,59,TLP,3
46,60,FL,4
46,61,FL,4
46,62,FL,4
46,63,FL,4
46,64,FL,4
46,65,FL,4
46,66,FL,4
46,67,FL,4
46,68,FL,4
46,69,FL,4
46,70,FL,4
45,10,BIN,1
45,11,UINT16,2
45,12,BIN,1
45,13,UINT8,1
19,6,FL,4
105,27,FL,4
115,24,UINT8,1
115,25,FL,4
115,26,FL,4
115,27,FL,4
115,28,FL,4
115,29,FL,4
115,30,FL,4
115,31,FL,4
115,32,FL,4
115,33,FL,4
115,34,FL,4
115,35,FL,4
115,36,FL,4
115,37,FL,4
115,38,FL,4
115,39,FL,4
115,40,FL,4
115,41,FL,4
115,42,FL,4
115,43,FL,4
115,44,FL,4
115,45,FL,4
115,46,FL,4
115,47,FL,4
115,48,FL,4
117,28,UINT8,1
117,29,UINT8,1
13,1,BIN,1
137,9,UINT16,2
137,10,UINT16,2
137,11,FL,4
137,12,UINT8,1
137,13,UINT32,4
91,47,TIME,4
91,48,TIME,4
137,14,UINT8,1
137,15,UINT8,1
5,4,UINT8,1
13,2,UINT8,1
13,7,UINT8,1
85,0,AC,10
85,1,UINT8,1
85,2,UINT8,1
85,3,UINT8,1
85,4,UINT8,1
85,5,UINT8,1
85,6,UINT8,1
85,7,UINT32,4
85,8,FL,4
85,9,UINT8,1
85,10,FL,4
85,11,FL,4
85,12,FL,4
85,13,FL,4
85,14,UINT16,2
85,15,FL,4
85,16,FL,4
85,17,FL,4
85,18,UINT16,2
85,19,UINT16,2
85,20,UINT16,2
85,21,UINT8,1
85,22,UINT8,1
85,23,UINT8,1
85,24,FL,4
85,25,AC,10
85,26,UINT16,2
85,27,UINT8,1
85,28,FL,4
85,29,FL,4
85,30,UINT8,1
85,31,UINT8,1
85,32,FL,4
85,33,FL,4
85,34,UINT8,1
85,35,FL,4
85,36,FL,4
85,37,UINT8,1
85,38,FL,4
85,39,FL,4
85,40,UINT8,1
85,41,FL,4
85,42,FL,4
85,43,UINT8,1
85,44,UINT8,1
85,45,FL,4
85,46,UINT8,1
85,47,UINT8,1
85,48,FL,4
85,49,UINT8,1
85,50,UINT8,1
85,51,FL,4
85,52,UINT8,1
85,53,UINT8,1
85,54,FL,4
85,55,AC,40
85,56,AC,20
85,57,UINT16,2
85,58,UINT32,4
85,59,UINT32,4
85,60,UINT8,1
85,61,FL,4
85,62,FL,4
85,63,FL,4
85,64,UINT8,1
85,65,FL,4
85,66,FL,4
85,67,FL,4
85,68,UINT8,1
85,69,UINT8,1
85,70,UINT8,1
85,71,FL,4
85,72,AC,10
85,73,UINT16,2
85,74,UINT8,1
85,75,FL,4
85,76,FL,4
85,77,UINT8,1
85,78,UINT8,1
85,79,FL,4
85,80,FL,4
85,81,UINT8,1
85,82,FL,4
85,83,FL,4
85,84,UINT8,1
85,85,FL,4
85,86,FL,4
85,87,UINT8,1
85,88,FL,4
85,89,FL,4
85,90,UINT8,1
85,91,UINT8,1
85,92,FL,4
85,93,UINT8,1
85,94,UINT8,1
85,95,FL,4
85,96,UINT8,1
85,97,UINT8,1
85,98,FL,4
85,99,UINT8,1
85,100,UINT8,1
85,101,FL,4
85,102,AC,40
85,103,AC,20
85,104,UINT16,2
85,105,UINT32,4
85,106,UINT32,4
85,107,UINT8,1
85,108,FL,4
85,109,FL,4
85,110,FL,4
85,111,UINT8,1
85,112,FL,4
85,113,FL,4
85,114,FL,4
85,115,UINT8,1
85,116,UINT8,1
85,117,UINT8,1
85,118,FL,4
85,119,AC,10
85,120,UINT16,2
85,121,UINT8,1
85,122,FL,4
85,123,FL,4
85,124,UINT8,1
85,125,UINT8,1
85,126,FL,4
85,127,FL,4
85,128,UINT8,1
85,129,FL,4
85,130,FL,4
85,131,UINT8,1
85,132,FL,4
85,133,FL,4
85,134,UINT8,1
85,135,FL,4
85,136,FL,4
85,137,UINT8,1
85,138,UINT8,1
85,139,FL,4
85,140,UINT8,1
85,141,UINT8,1
85,142,FL,4
85,143,UINT8,1
85,144,UINT8,1
85,145,FL,4
85,146,UINT8,1
85,147,UINT8,1
85,148,FL,4
85,149,AC,40
85,150,AC,20
85,151,UINT16,2
85,152,UINT32,4
85,153,UINT32,4
85,154,UINT8,1
85,155,FL,4
85,156,FL,4
85,157,FL,4
85,158,UINT8,1
85,159,FL,4
85,160,FL,4
85,161,FL,4
85,162,UINT8,1
85,163,UINT8,1
85,164,UINT8,1
85,165,FL,4
85,166,AC,10
85,167,UINT16,2
85,168,UINT8,1
85,169,FL,4
85,170,FL,4
85,171,UINT8,1
85,172,UINT8,1
85,173,FL,4
85,174,FL,4
85,175,UINT8,1
85,176,FL,4
85,177,FL,4
85,178,UINT8,1
85,179,FL,4
85,180,FL,4
85,181,UINT8,1
85,182,FL,4
85,183,FL,4
85,184,UINT8,1
85,185,UINT8,1
85,186,FL,4
85,187,UINT8,1
85,188,UINT8,1
85,189,FL,4
85,190,UINT8,1
85,191,UINT8,1
85,192,FL,4
85,193,UINT8,1
85,194,UINT8,1
85,195,FL,4
85,196,AC,40
85,197,AC,20
85,198,UINT16,2
85,199,UINT32,4
85,200,UINT32,4
85,201,UINT8,1
85,202,FL,4
85,203,FL,4
85,204,FL,4
85,205,UINT8,1
85,206,FL,4
85,207,FL,4
85,208,FL,4
85,209,UINT8,1
85,210,UINT8,1
85,211,UINT8,1
85,212,FL,4
85,213,AC,10
85,214,UINT16,2
85,215,UINT8,1
85,216,FL,4
85,217,FL,4
85,218,UINT8,1
85,219,UINT8,1
85,220,FL,4
85,221,FL,4
85,222,UINT8,1
85,223,FL,4
85,224,FL,4
85,225,UINT8,1
85,226,FL,4
85,227,FL,4
85,228,UINT8,1
85,229,FL,4
85,230,FL,4
85,231,UINT8,1
85,232,UINT8,1
85,233,FL,4
85,234,UINT8,1
85,235,UINT8,1
85,236,FL,4
85,237,UINT8,1
85,238,UINT8,1
85,239,FL,4
85,240,UINT8,1
85,241,UINT8,1
85,242,FL,4
85,243,AC,40
85,244,AC,20
85,245,UINT16,2
85,246,UINT32,4
85,247,UINT32,4
85,248,UINT8,1
85,249,FL,4
85,250,FL,4
85,251,FL,4
85,252,UINT8,1
85,253,FL,4
85,254,FL,4
85,255,FL,4
92,6,UINT8,1
92,7,UINT8,1
92,8,UINT8,1
92,9,UINT8,1
92,10,UINT8,1
92,11,UINT8,1
92,12,UINT8,1
92,13,UINT8,1
92,14,UINT8,1
92,15,UINT8,1
92,16,UINT8,1
92,17,UINT8,1
92,18,UINT8,1
92,19,UINT8,1
92,20,UINT8,1
92,21,UINT8,1
92,22,UINT8,1
92,23,UINT8,1
92,24,UINT8,1
92,25,UINT8,1
123,0,AC,20
123,1,AC,20
123,2,AC,20
123,3,AC,20
123,4,AC,20
123,5,AC,20
123,6,AC,20
123,7,AC,20
123,8,AC,20
123,9,AC,20
123,10,AC,20
123,11,AC,20
123,12,AC,20
123,13,AC,20
123,14,AC,20
123,15,AC,20
123,16,AC,20
123,17,AC,20
123,18,AC,20
123,19,AC,20
40,53,FL,4
14,36,UINT16,2
41,15,UINT8,1
41,16,UINT8,1
41,17,TLP,3
41,18,FL,4
41,19,UINT8,1
41,20,UINT8,1
41,21,TLP,3
41,22,FL,4
41,23,UINT8,1
41,24,UINT8,1
41,25,TLP,3
41,26,FL,4
41,27,UINT8,1
41,28,UINT8,1
41,29,TLP,3
41,30,FL,4
41,31,UINT8,1
41,32,UINT8,1
41,33,TLP,3
41,34,FL,4
41,35,UINT8,1
41,36,UINT8,1
41,37,TLP,3
41,38,FL,4
41,39,UINT8,1
41,40,UINT8,1
41,41,TLP,3
41,42,FL,4
41,43,UINT8,1
41,44,UINT8,1
41,45,TLP,3
41,46,FL,4
41,47,UINT8,1
41,48,UINT8,1
41,49,TLP,3
41,50,FL,4
41,51,UINT8,1
41,52,UINT8,1
41,53,TLP,3
41,54,FL,4
42,1,FL,4
42,2,FL,4
42,3,FL,4
42,4,FL,4
42,5,FL,4
42,6,FL,4
42,7,FL,4
42,8,FL,4
42,9,FL,4
42,10,FL,4
42,11,FL,4
42,12,FL,4
42,13,FL,4
42,14,FL,4
42,15,FL,4
42,16,FL,4
42,17,FL,4
42,18,FL,4
42,19,FL,4
42,20,FL,4
55,55,UINT16,2
55,56,UINT16,2
119,123,UINT8,1
41,7,FL,4
41,8,FL,4
41,9,FL,4
41,10,FL,4
41,11,FL,4
41,12,FL,4
41,13,FL,4
41,14,FL,4
115,49,UINT8,1
115,50,UINT8,1
115,51,FL,4
115,52,FL,4
14,37,UINT16,2
91,50,UINT8,1
21,3,UINT8,1
91,49,UINT8,1
3,20,INT16,2
3,21,INT16,2
3,22,INT16,2
3,23,INT16,2
3,24,INT16,2
3,25,FL,4
3,26,FL,4
3,27,FL,4
3,28,FL,4
3,29,FL,4
3,30,FL,4
3,31,FL,4
3,32,FL,4
3,33,UINT16,2
3,34,UINT8,1
3,35,UINT8,1
20,0,UINT8,1
20,1,UINT8,1
20,3,AC,10
20,4,AC,20
20,5,AC,20
20,6,AC,30
20,7,UINT32,4
20,8,UINT32,4
20,9,UINT32,4
20,11,UINT32,4
20,12,UINT32,4
20,13,UINT32,4
20,14,UINT32,4
20,15,UINT32,4
20,16,UINT32,4
20,17,FL,4
20,18,FL,4
20,19,FL,4
20,20,UINT32,4
20,21,UINT32,4
20,22,UINT32,4
20,23,UINT32,4
20,24,UINT32,4
20,25,AC,20
20,26,AC,10
20,27,AC,10
20,10,UINT32,4
13,1,UINT8,1
13,2,UINT8,1
13,3,UINT8,1
13,5,UINT8,1
13,6,UINT8,1
13,7,UINT8,1
13,25,UINT8,1
13,24,UINT8,1
87,0,UINT8,1
87,1,UINT8,1
87,2,AC,7
87,3,AC,7
87,4,AC,10
87,5,AC,10
87,6,UINT8,1
87,7,UINT8,1
87,8,FL,4
87,9,FL,4
87,10,FL,4
20,2,AC,20
5,21,FL,4
2,14,BIN,1
20,28,AC,10
20,29,AC,20
86,62,TLP,3
86,63,TLP,3
86,64,UINT8,1
86,65,UINT8,1
86,66,TLP,3
86,67,TLP,3
86,68,UINT8,1
86,69,UINT8,1
86,70,TLP,3
86,71,TLP,3
86,72,UINT8,1
86,73,UINT8,1
86,74,TLP,3
86,75,TLP,3
86,76,UINT8,1
86,77,UINT8,1
86,78,TLP,3
86,79,TLP,3
86,80,UINT8,1
86,81,UINT8,1
86,82,TLP,3
86,83,TLP,3
86,84,UINT8,1
86,85,UINT8,1
86,86,TLP,3
86,87,TLP,3
86,88,UINT8,1
86,89,UINT8,1
86,90,TLP,3
86,91,TLP,3
86,92,UINT8,1
86,93,UINT8,1
86,94,TLP,3
86,95,TLP,3
86,96,UINT8,1
86,97,UINT8,1
86,98,TLP,3
86,99,TLP,3
86,100,UINT8,1
86,101,UINT8,1
13,30,UINT8,1
13,27,UINT8,1
13,24,UINT8,1
13,28,UINT8,1
14,37,UINT8,1
14,38,UINT32,4
14,39,UINT32,4
55,57,UINT8,1
107,20,FL,4
141,0,AC,10
141,3,UINT8,1
141,4,UINT8,1
141,5,UINT32,4
141,6,FL,4
141,7,FL,4
141,8,UINT32,4
141,9,FL,4
141,10,FL,4
141,11,UINT32,4
141,12,FL,4
141,13,FL,4
141,14,UINT32,4
141,15,FL,4
141,16,FL,4
141,17,UINT32,4
141,18,FL,4
141,19,UINT32,4
141,20,FL,4
141,21,UINT32,4
141,22,UINT32,4
141,23,FL,4
141,24,FL,4
141,30,UINT16,2
141,31,UINT16,2
141,32,UINT16,2
141,33,UINT16,2
141,34,UINT8,1
141,35,UINT8,1
141,36,UINT8,1
141,37,UINT8,1
141,38,UINT8,1
141,39,UINT8,1
141,40,UINT8,1
141,41,UINT16,2
141,42,UINT8,1
141,43,UINT8,1
141,44,FL,4
141,45,TLP,3
141,46,UINT8,1
141,47,UINT32,4
141,48,FL,4
141,49,UINT16,2
141,25,UINT8,1
141,26,UINT8,1
141,27,UINT8,1
141,28,BIN,1
141,29,BIN,1
141,50,UINT16,2
141,51,UINT16,2
141,52,UINT8,1
141,53,BIN,1
46,71,FL,4
46,72,FL,4
46,73,FL,4
46,74,FL,4
46,75,FL,4
46,76,FL,4
46,77,FL,4
46,78,FL,4
46,79,FL,4
46,80,FL,4
46,81,FL,4
46,82,FL,4
46,83,FL,4
46,84,FL,4
46,85,FL,4
46,86,BIN,1
46,87,UINT32,4
46,88,UINT8,1
46,89,FL,4
46,90,FL,4
47,57,FL,4
47,58,FL,4
47,59,UINT32,4
47,60,UINT8,1
47,61,FL,4
47,62,FL,4
47,63,FL,4
47,64,FL,4
47,65,FL,4
47,66,FL,4
47,67,FL,4
47,68,BIN,1
141,54,UINT8,1
141,55,UINT8,1
48,28,FL,4
48,29,FL,4
48,30,UINT8,1
48,31,FL,4
48,32,AC,10
48,33,AC,10
48,34,AC,10
140,0,AC,10
140,1,UINT8,1
140,2,UINT8,1
140,3,UINT8,1
140,4,FL,4
140,5,UINT8,1
140,6,UINT8,1
140,7,FL,4
140,8,FL,4
140,9,UINT8,1
140,10,UINT8,1
140,11,UINT32,4
140,12,FL,4
140,13,FL,4
140,14,UINT8,1
140,15,BIN,1
140,16,UINT8,1
140,17,UINT8,1
140,18,UINT8,1
140,19,UINT8,1
140,20,UINT8,1
140,21,UINT8,1
140,22,UINT8,1
140,23,UINT32,4
140,24,UINT8,1
140,25,UINT8,1
140,26,UINT8,1
140,27,UINT8,1
140,28,UINT8,1
140,29,UINT8,1
140,30,FL,4
140,31,FL,4
140,32,AC,10
140,33,FL,4
140,34,FL,4
140,35,FL,4
140,36,FL,4
140,37,FL,4
140,38,FL,4
140,39,FL,4
140,40,UINT8,1
140,41,UINT8,1
140,42,BIN,1
140,43,UINT8,1
140,44,UINT8,1
45,14,TLP,3
12,10,UINT8,1
47,69,FL,4
47,70,FL,4
47,71,FL,4
139,0,UINT8,1
139,1,UINT8,1
139,2,UINT8,1
139,3,AC,10
139,4,AC,20
139,5,AC,20
139,6,AC,10
139,7,AC,20
139,8,AC,20
139,9,AC,20
139,10,AC,30
139,11,AC,20
110,53,FL,4
108,64,FL,4
95,46,UINT32,4
236,0,UINT8,1
236,1,UINT8,1
236,2,UINT8,1
236,3,UINT8,1
236,4,UINT8,1
140,45,FL,4
236,5,UINT8,1
47,72,AC,20
47,73,AC,20
140,46,UINT8,1
46,44,FL,4
47,4,FL,4
96,31,UINT8,1
96,32,UINT8,1
96,33,FL,4
43,32,AC,10
43,33,AC,10
43,34,AC,10
43,35,AC,10
43,36,AC,10
43,37,AC,10
43,38,AC,10
43,39,AC,10
43,40,AC,10
43,41,AC,10
43,42,AC,10
43,43,AC,10
43,44,AC,10
43,45,AC,10
43,46,AC,10
43,47,AC,10
43,48,AC,10
43,49,UINT8,1
88,0,AC,10
88,1,AC,10
88,2,TLP,3
89,0,UINT8,1
89,1,UINT8,1
89,2,TLP,3
89,3,AC,10
89,4,AC,10
89,5,UINT8,1
89,6,FL,4
89,7,FL,4
122,8,AC,20
122,9,INT8,1
122,10,UINT32,4
122,11,UINT32,4
122,12,AC,20
122,13,INT8,1
122,14,UINT32,4
122,15,UINT32,4
122,24,UINT8,1
32,0,AC,10
32,1,BIN,1
32,2,BIN,1
32,3,UINT8,1
32,4,UINT8,1
32,5,AC,40
32,6,UINT8,1
32,7,FL,4
32,8,FL,4
32,9,FL,4
32,10,FL,4
32,11,FL,4
32,12,FL,4
32,13,DT6,6
32,14,BIN,1
32,15,UINT32,4
32,16,UINT8,1
33,0,AC,10
33,1,TLP,3
33,2,FL,4
33,3,FL,4
33,4,FL,4
33,5,FL,4
33,6,UINT8,1
33,7,FL,4
33,8,FL,4
33,9,FL,4
33,10,FL,4
33,11,BIN,1
33,12,FL,4
33,13,FL,4
34,0,AC,10
34,1,BIN,1
34,2,BIN,1
34,3,UINT8,1
34,4,UINT8,1
34,5,DT6,6
34,6,FL,4
34,7,FL,4
35,0,AC,10
35,1,BIN,1
35,2,BIN,1
35,3,BIN,1
35,4,FL,4
35,5,FL,4
35,6,TLP,3
35,7,FL,4
35,8,FL,4
35,9,FL,4
35,10,FL,4
35,11,FL,4
35,12,FL,4
35,13,FL,4
35,14,FL,4
35,15,FL,4
35,16,FL,4
35,17,FL,4
35,18,TLP,3
35,19,TLP,3
35,20,FL,4
35,21,FL,4
35,22,FL,4
35,23,FL,4
35,24,TLP,3
35,25,FL,4
35,26,FL,4
35,27,FL,4
35,28,FL,4
35,29,FL,4
36,0,TLP,3
36,1,FL,4
36,2,FL,4
36,3,FL,4
36,4,UINT8,1
36,5,UINT8,1
36,6,FL,4
36,7,FL,4
36,8,FL,4
36,9,FL,4
36,10,FL,4
37,0,AC,10
37,1,UINT8,1
37,2,UINT8,1
37,3,UINT16,2
37,4,AC,10
37,5,UINT8,1
37,6,UINT8,1
37,7,UINT16,2
37,8,AC,10
37,9,UINT8,1
37,10,UINT8,1
37,11,UINT16,2
37,12,AC,10
37,13,UINT8,1
37,14,UINT8,1
37,15,UINT16,2
37,16,AC,10
37,17,UINT8,1
37,18,UINT8,1
37,19,UINT16,2
37,20,AC,10
37,21,UINT8,1
37,22,UINT8,1
37,23,UINT16,2
37,24,AC,10
37,25,UINT8,1
37,26,UINT8,1
37,27,UINT16,2
37,28,AC,10
37,29,UINT8,1
37,30,UINT8,1
37,31,UINT16,2
37,32,AC,10
37,33,UINT8,1
37,34,UINT8,1
37,35,UINT16,2
37,36,AC,10
37,37,UINT8,1
37,38,UINT8,1
37,39,UINT16,2
37,40,AC,10
37,41,UINT8,1
37,42,UINT8,1
37,43,UINT16,2
37,44,AC,10
37,45,UINT8,1
37,46,UINT8,1
37,47,UINT16,2
37,48,AC,10
37,49,UINT8,1
37,50,UINT8,1
37,51,UINT16,2
37,52,AC,10
37,53,UINT8,1
37,54,UINT8,1
37,55,UINT16,2
37,56,AC,10
37,57,UINT8,1
37,58,UINT8,1
37,59,UINT16,2
108,65,UINT8,1
48,35,FL,4
48,36,FL,4
48,37,FL,4
48,38,FL,4
110,54,FL,4
110,55,TLP,3
110,56,TLP,3
110,57,FL,4
122,16,AC,20
122,17,INT8,1
122,18,UINT32,4
122,19,UINT32,4
122,20,AC,20
122,21,INT8,1
122,22,UINT32,4
122,23,UINT32,4
91,51,UINT8,1
91,52,UINT16,2
91,53,UINT16,2
141,56,UINT8,1
141,57,BIN,1
141,58,UINT8,1
141,59,UINT8,1
20,30,AC,20
122,25,UINT8,1
122,26,AC,20
122,27,AC,12
122,28,TIME,4
46,91,FL,4
46,92,FL,4
47,74,FL,4
13,31,UINT8,1
55,58,UINT16,2
55,59,UINT8,1
55,60,UINT8,1
55,61,UINT8,1
55,62,UINT8,1
55,63,UINT16,2
55,64,UINT8,1
55,65,UINT8,1
55,66,UINT8,1
55,67,UINT8,1
55,68,UINT16,2
55,69,UINT8,1
55,70,UINT8,1
55,71,UINT8,1
55,72,UINT8,1
55,73,UINT16,2
55,74,UINT8,1
55,75,UINT8,1
55,76,UINT8,1
55,77,UINT8,1
55,78,UINT16,2
55,79,UINT8,1
55,80,UINT8,1
55,81,UINT8,1
55,82,UINT8,1
55,83,UINT16,2
55,84,UINT8,1
55,85,UINT8,1
55,86,UINT8,1
55,87,UINT8,1
55,88,UINT16,2
55,89,UINT8,1
55,90,UINT8,1
55,91,UINT8,1
55,92,UINT8,1
55,93,UINT16,2
55,94,UINT8,1
55,95,UINT8,1
55,96,UINT8,1
55,97,UINT8,1
55,98,UINT16,2
55,99,UINT8,1
55,100,UINT8,1
55,101,UINT8,1
55,102,UINT8,1
55,103,UINT16,2
55,104,UINT8,1
55,105,UINT8,1
55,106,UINT8,1
55,107,UINT8,1
91,51,AC,20
103,36,UINT8,1
103,37,FL,4
141,60,UINT32,4
141,61,UINT32,4
141,62,AC,20
141,63,AC,20
141,64,AC,20
141,65,AC,20
141,66,FL,4
141,67,FL,4
141,68,FL,4
141,69,FL,4
19,7,AC,10
85,0,AC,10
85,1,UINT8,1
141,70,UINT32,4
141,71,UINT32,4
103,38,UINT8,1
102,25,UINT8,1
142,0,AC,10
142,1,AC,10
142,2,TLP,3
142,3,UINT8,1
142,4,UINT8,1
142,5,FL,4
142,6,FL,4
142,7,TIME,4
142,8,FL,4
142,9,TIME,4
142,10,FL,4
142,11,TIME,4
142,12,FL,4
142,13,TIME,4
142,14,FL,4
143,0,AC,10
143,1,AC,10
143,2,TLP,3
143,3,UINT8,1
143,4,UINT8,1
143,5,FL,4
143,6,FL,4
143,7,TIME,4
143,8,FL,4
143,9,TIME,4
143,10,FL,4
143,11,TIME,4
143,12,FL,4
143,13,TIME,4
143,14,FL,4
91,54,AC,20
102,26,UINT8,1
102,26,UINT8,1
102,25,UINT8,1
80,0,AC,12
80,1,AC,20
80,2,AC,20
80,3,AC,20
80,4,UINT16,2
80,5,UINT8,1
80,6,FL,4
80,7,UINT8,1
80,8,UINT32,4
80,9,UINT16,2
80,10,UINT8,2
80,11,FL,4
80,12,UINT8,1
80,13,UINT32,4
80,14,UINT8,1
80,15,UINT8,1
85,19,UINT16,2
85,20,UINT16,2
80,16,UINT8,1
80,17,UINT8,1
80,18,UINT8,1
80,19,UINT8,1
80,20,UINT8,1
80,21,AC,20
80,22,UINT16,2
80,23,AC,20
80,24,UINT16,2
80,25,AC,20
80,26,UINT16,2
80,27,AC,20
80,28,UINT16,2
80,29,AC,20
80,30,UINT16,2
80,31,AC,20
80,32,UINT16,2
80,33,AC,20
80,34,UINT16,2
80,35,AC,20
80,36,UINT16,2
80,37,AC,20
80,38,UINT16,2
80,39,AC,20
80,40,UINT16,2
80,41,AC,20
80,42,UINT16,2
80,43,AC,20
80,44,UINT16,2
80,45,AC,20
80,46,UINT16,2
80,47,AC,20
80,48,UINT16,2
80,49,AC,20
80,50,UINT16,2
80,51,AC,20
80,52,UINT16,2
80,53,AC,20
80,54,UINT16,2
80,55,AC,20
80,56,UINT16,2
80,57,AC,20
80,58,UINT16,2
80,59,AC,20
80,60,UINT16,2
80,61,AC,20
80,62,UINT16,2
80,63,AC,20
80,64,UINT16,2
80,65,AC,20
80,66,UINT16,2
80,67,AC,20
80,68,UINT16,2
80,69,AC,20
80,70,UINT16,2
80,71,UINT8,1
80,72,AC,20
80,73,UINT16,2
80,74,AC,20
80,75,UINT16,2
80,76,AC,20
80,77,UINT16,2
80,78,AC,20
80,79,UINT16,2
80,80,AC,20
80,81,UINT16,2
80,82,AC,20
80,83,UINT16,2
80,84,AC,20
80,85,UINT16,2
80,86,AC,20
80,87,UINT16,2
80,88,AC,20
80,89,UINT16,2
80,90,AC,20
80,91,UINT16,2
80,92,AC,20
80,93,UINT16,2
80,94,AC,20
80,95,UINT16,2
80,96,AC,20
80,97,UINT16,2
80,98,AC,20
80,99,UINT16,2
80,100,AC,20
80,101,UINT16,2
80,102,AC,20
80,103,UINT16,2
80,104,AC,20
80,105,UINT16,2
80,106,AC,20
80,107,UINT16,2
80,108,AC,20
80,109,UINT16,2
80,110,AC,20
80,111,UINT16,2
80,112,AC,20
80,113,UINT16,2
80,114,AC,20
80,115,UINT16,2
80,116,AC,20
80,117,UINT16,2
80,118,AC,20
80,119,UINT16,2
80,120,AC,20
80,121,UINT16,2
16,28,AC,10
82,0,AC,10
82,1,AC,10
82,2,UINT8,1
82,3,UINT8,1
82,4,UINT8,1
82,5,UINT8,1
82,6,BIN,1
82,7,UINT8,1
82,8,UINT8,1
82,9,UINT32,4
82,10,UINT8,1
82,11,UINT8,1
82,12,UINT8,1
82,13,UINT8,1
82,14,FL,4
82,15,FL,4
82,16,FL,4
82,17,FL,4
82,18,FL,4
82,19,FL,4
82,20,FL,4
82,21,UINT8,1
82,22,UINT8,1
82,23,FL,4
82,24,UINT8,1
82,25,UINT8,1
82,26,UINT8,1
91,52,UINT8,1
91,55,UINT8,1
4,10,UINT8,1
4,11,FL,4
4,12,FL,4
2,15,UINT8,1
2,16,UINT8,1
2,17,UINT8,1
137,16,UINT8,1
137,17,UINT32,4
114,41,FL,4
141,72,UINT32,4
141,73,UINT32,4
141,74,UINT32,4
141,75,FL,4
141,76,UINT8,1
103,39,FL,4
103,40,UINT8,1
103,41,UINT8,1
113,36,UINT8,1
113,37,UINT8,1
113,38,UINT8,1
113,39,UINT8,1
113,40,UINT8,1
112,66,UINT8,1
115,53,UINT8,1
114,42,DOUBLE,8
114,43,DOUBLE,8
114,44,DOUBLE,8
114,45,DOUBLE,8
114,46,DOUBLE,8
114,47,DOUBLE,8
114,48,DOUBLE,8
114,49,DOUBLE,8
114,50,FL,4
114,51,FL,4
114,52,FL,4
116,41,DOUBLE,8
116,42,DOUBLE,8
116,43,DOUBLE,8
116,44,DOUBLE,8
116,45,DOUBLE,8
116,46,DOUBLE,8
116,47,DOUBLE,8
116,48,DOUBLE,8
116,49,DOUBLE,8
98,43,DOUBLE,8
98,44,DOUBLE,8
98,45,DOUBLE,8
98,46,DOUBLE,8
98,47,DOUBLE,8
98,48,DOUBLE,8
98,49,DOUBLE,8
98,50,DOUBLE,8
98,51,DOUBLE,8
98,52,DOUBLE,8
91,56,DOUBLE,8
84,0,UINT8,1
84,1,BIN,1
84,2,FL,4
84,3,FL,4
84,4,FL,4
84,5,UINT8,1
84,6,BIN,1
84,7,FL,4
84,8,FL,4
84,9,FL,4
84,10,FL,4
84,11,FL,4
84,14,UINT8,1
84,15,BIN,1
84,16,FL,4
84,17,FL,4
84,18,FL,4
84,19,FL,4
84,20,FL,4
84,23,UINT8,1
84,24,BIN,1
84,25,FL,4
84,26,FL,4
84,27,FL,4
84,28,FL,4
84,29,FL,4
84,32,UINT8,1
84,33,BIN,1
84,34,FL,4
84,35,FL,4
84,36,FL,4
84,37,FL,4
84,38,FL,4
84,41,UINT8,1
84,42,BIN,1
84,43,FL,4
84,44,FL,4
84,45,FL,4
84,46,FL,4
84,47,FL,4
91,16,UINT8,1
91,17,UINT8,1
91,18,UINT8,1
91,20,UINT8,1
91,21,UINT8,1
91,26,UINT8,1
91,27,UINT8,1
91,40,UINT8,1
91,56,DOUBLE,8
85,2,UINT8,1
85,3,UINT8,1
85,5,UINT8,1
85,6,UINT8,1
85,21,UINT8,1
85,68,UINT8,1
85,115,UINT8,1
85,162,UINT8,1
85,209,UINT8,1
94,4,UINT8,1
94,5,UINT8,1
103,3,FL,4
103,5,UINT8,1
103,6,UINT8,1
103,8,UINT16,2
103,12,UINT16,2
103,13,FL,4
103,17,FL,4
103,18,FL,4
103,19,FL,4
103,22,UINT8,1
103,34,UINT8,1
103,35,UINT8,1
105,3,FL,4
105,5,UINT8,1
105,7,UINT8,1
105,8,UINT8,1
105,9,FL,4
105,11,UINT8,1
105,12,FL,4
105,13,FL,4
105,27,FL,4
106,2,UINT8,1
106,3,FL,4
106,5,UINT8,1
106,6,UINT8,1
106,7,UINT8,1
106,8,UINT16,2
106,19,FL,4
106,20,FL,4
106,22,FL,4
106,23,UINT8,1
106,35,UINT8,1
106,36,UINT8,1
106,37,UINT8,1
108,2,UINT8,1
108,3,UINT8,1
108,4,UINT8,1
108,5,UINT8,1
108,12,FL,4
108,64,FL,4
111,0,UINT8,1
111,1,TLP,3
111,3,UINT8,1
111,4,FL,4
111,5,FL,4
111,6,TLP,3
112,1,UINT8,1
112,3,UINT8,1
112,4,UINT8,1
112,12,UINT8,1
112,13,FL,4
112,14,FL,4
112,15,UINT8,1
112,16,FL,4
112,17,UINT8,1
112,18,FL,4
112,19,FL,4
112,20,FL,4
112,21,UINT8,1
112,22,FL,4
112,23,FL,4
112,24,UINT8,1
112,25,UINT8,1
112,26,FL,4
112,27,FL,4
112,28,FL,4
112,29,FL,4
112,30,FL,4
112,31,FL,4
112,32,FL,4
112,33,FL,4
112,34,FL,4
112,35,FL,4
112,36,FL,4
112,37,FL,4
112,38,FL,4
112,39,FL,4
112,40,FL,4
112,41,FL,4
112,42,FL,4
112,43,FL,4
112,44,FL,4
112,45,FL,4
112,46,UINT8,1
112,47,FL,4
112,48,FL,4
112,49,FL,4
112,50,FL,4
112,51,FL,4
112,52,FL,4
112,59,FL,4
112,60,FL,4
112,61,FL,4
112,62,FL,4
112,66,UINT8,1
112,67,UINT8,1
112,68,FL,4
113,2,UINT8,1
113,3,UINT8,1
113,11,UINT8,1
113,12,FL,4
113,13,FL,4
113,14,UINT8,1
113,15,FL,4
113,16,FL,4
113,17,UINT8,1
113,18,FL,4
113,19,FL,4
113,20,FL,4
113,21,UINT8,1
113,22,FL,4
113,23,FL,4
113,24,TLP,3
113,25,TLP,3
113,26,FL,4
113,27,TLP,3
113,28,FL,4
113,29,TLP,3
113,30,FL,4
113,31,UINT8,1
113,32,UINT8,1
113,33,FL,4
113,34,FL,4
113,35,UINT8,1
113,36,UINT8,1
113,37,UINT8,1
113,38,UINT8,1
113,39,UINT8,1
113,40,UINT8,1
114,2,FL,4
114,4,FL,4
114,5,FL,4
114,6,FL,4
114,7,FL,4
114,9,FL,4
114,12,FL,4
114,14,FL,4
114,15,FL,4
114,16,FL,4
115,2,UINT8,1
115,10,UINT8,1
115,11,FL,4
115,12,UINT32,4
115,13,TLP,3
115,14,FL,4
115,15,TLP,3
115,16,FL,4
115,17,TLP,3
115,18,FL,4
115,19,UINT8,1
115,20,FL,4
115,21,FL,4
115,22,FL,4
115,23,UINT8,1
115,24,UINT8,1
115,25,FL,4
115,26,FL,4
115,27,FL,4
115,28,FL,4
115,29,FL,4
115,30,FL,4
115,31,FL,4
115,32,FL,4
115,33,FL,4
115,34,FL,4
115,35,FL,4
115,36,FL,4
115,37,FL,4
115,38,FL,4
115,39,FL,4
115,40,FL,4
115,41,FL,4
115,42,FL,4
115,43,FL,4
115,44,FL,4
115,45,FL,4
115,46,FL,4
115,47,FL,4
115,48,FL,4
115,49,UINT8,1
115,50,UINT8,1
115,51,FL,4
115,52,FL,4
115,53,UINT8,1
116,4,FL,4
116,5,FL,4
116,7,FL,4
116,10,FL,4
141,1,UINT8,1
141,2,UINT8,1
141,7,FL,4
141,10,FL,4
141,13,FL,4
141,16,FL,4
141,44,FL,4
141,45,TLP,3
141,46,UINT8,1
141,48,FL,4
141,49,UINT16,2
141,50,UINT16,2
141,51,UINT16,2
114,53,FL,4
114,54,FL,4
114,55,FL,4
114,56,FL,4
114,57,FL,4
114,58,DOUBLE,8
114,59,FL,4
114,60,FL,4
114,61,FL,4
114,62,FL,4
114,63,FL,4
114,64,FL,4
114,65,FL,4
114,66,FL,4
116,50,FL,4
116,51,FL,4
116,52,FL,4
116,53,FL,4
116,54,FL,4
116,55,FL,4
116,56,FL,4
116,57,FL,4
91,57,INT32,4
91,58,TIME,4
91,59,FL,4
91,60,UINT8,1
91,61,UINT8,1
91,62,UINT8,1
91,63,UINT8,1
98,53,UINT32,4
98,54,UINT32,4
98,55,UINT32,4
98,56,UINT32,4
98,57,UINT32,4
98,58,UINT32,4
98,59,UINT32,4
98,60,UINT32,4
98,61,UINT8,1
103,42,FL,4
84,12,UINT8,1
84,13,UINT8,1
84,21,UINT8,1
84,22,UINT8,1
84,30,UINT8,1
84,31,UINT8,1
84,39,UINT8,1
84,40,UINT8,1
84,48,UINT8,1
84,49,UINT8,1
103,20,FL,4
96,34,UINT8,1
91,53,DOUBLE,8
113,36,UINT8,1
113,37,UINT8,1
113,38,UINT8,1
113,39,UINT8,1
114,46,FL,4
114,47,FL,4
114,48,FL,4
141,1,UINT8,1
141,2,UINT8,1
141,77,UINT16,2
141,82,UINT16,2
141,78,UINT16,2
141,83,UINT16,2
141,79,UINT32,4
141,84,UINT32,4
141,80,INT32,4
141,85,INT32,4
141,81,UINT8,1
141,86,UINT8,1
137,18,UINT8,1
137,19,UINT32,4
137,20,UINT16,2
137,21,UINT32,4
137,22,UINT16,2
137,23,UINT32,4
137,24,UINT16,2
137,25,UINT32,4
137,26,UINT16,2
137,27,UINT32,4
137,28,UINT16,2
137,29,UINT32,4
137,30,UINT16,2
137,31,UINT32,4
137,32,UINT16,2
137,33,UINT32,4
137,34,UINT16,2
137,35,UINT32,4
137,36,UINT16,2
137,37,UINT32,4
137,38,UINT16,2
137,39,UINT32,4
137,40,UINT16,2
137,41,UINT32,4
137,42,UINT16,2
137,43,UINT32,4
137,44,UINT16,2
137,45,UINT32,4
137,46,UINT16,2
137,47,UINT32,4
137,48,UINT16,2
137,49,UINT32,4
137,50,UINT16,2
137,51,UINT32,4
137,52,UINT16,2
137,53,UINT32,4
137,54,UINT16,2
137,55,UINT32,4
137,56,UINT16,2
137,57,UINT32,4
137,58,UINT16,2
137,59,UINT32,4
137,60,UINT16,2
137,61,UINT32,4
137,62,UINT16,2
137,63,UINT32,4
137,64,UINT16,2
137,65,UINT32,4
137,66,UINT16,2
137,67,UINT32,4
137,68,UINT16,2
137,69,UINT8,1
137,70,UINT32,4
137,71,UINT16,2
137,72,UINT32,4
137,73,UINT16,2
137,74,UINT32,4
137,75,UINT16,2
137,76,UINT32,4
137,77,UINT16,2
137,78,UINT32,4
137,79,UINT16,2
137,80,UINT32,4
137,81,UINT16,2
137,82,UINT32,4
137,83,UINT16,2
137,84,UINT32,4
137,85,UINT16,2
137,86,UINT32,4
137,87,UINT16,2
137,88,UINT32,4
137,89,UINT16,2
137,90,UINT32,4
137,91,UINT16,2
137,92,UINT32,4
137,93,UINT16,2
137,94,UINT32,4
137,95,UINT16,2
137,96,UINT32,4
137,97,UINT16,2
137,98,UINT32,4
137,99,UINT16,2
137,100,UINT32,4
137,101,UINT16,2
137,102,UINT32,4
137,103,UINT16,2
137,104,UINT32,4
137,105,UINT16,2
137,106,UINT32,4
137,107,UINT16,2
137,108,UINT32,4
137,109,UINT16,2
137,110,UINT32,4
137,111,UINT16,2
137,112,UINT32,4
137,113,UINT16,2
137,114,UINT32,4
137,115,UINT16,2
137,116,UINT32,4
137,117,UINT16,2
137,118,UINT32,4
137,119,UINT16,2
137,120,UINT8,1
137,121,UINT32,4
137,122,UINT16,2
137,123,UINT32,4
137,124,UINT16,2
137,125,UINT32,4
137,126,UINT16,2
137,127,UINT32,4
137,128,UINT16,2
137,129,UINT32,4
137,130,UINT16,2
137,131,UINT32,4
137,132,UINT16,2
137,133,UINT32,4
137,134,UINT16,2
137,135,UINT32,4
137,136,UINT16,2
137,137,UINT32,4
137,138,UINT16,2
137,139,UINT32,4
137,140,UINT16,2
137,141,UINT32,4
137,142,UINT16,2
137,143,UINT32,4
137,144,UINT16,2
137,145,UINT32,4
137,146,UINT16,2
137,147,UINT32,4
137,148,UINT16,2
137,149,UINT32,4
137,150,UINT16,2
137,151,UINT32,4
137,152,UINT16,2
137,153,UINT32,4
137,154,UINT16,2
137,155,UINT32,4
137,156,UINT16,2
137,157,UINT32,4
137,158,UINT16,2
137,159,UINT32,4
137,160,UINT16,2
137,161,UINT32,4
137,162,UINT16,2
137,163,UINT32,4
137,164,UINT16,2
137,165,UINT32,4
137,166,UINT16,2
137,167,UINT32,4
137,168,UINT16,2
137,169,UINT32,4
137,170,UINT16,2
137,171,UINT8,1
137,172,UINT32,4
137,173,UINT16,2
137,174,UINT8,1
137,175,UINT8,1
94,12,UINT32,4
113,41,BIN,1
113,40,UINT8,1
113,41,UINT8,1
113,42,BIN,1
91,15,UINT8,1
91,19,UINT8,1
91,50,UINT8,1
91,51,UINT8,1
91,55,UINT8,1
103,21,FL,4
102,23,FL,4
91,49,UINT8,1
112,11,FL,4
84,50,AC,10
108,66,FL,4
95,47,UINT32,4
156,0,AC,10
156,1,UINT8,1
156,2,UINT8,1
156,3,UINT32,4
156,4,UINT8,1
156,5,UINT8,1
156,6,UINT8,1
156,7,UINT32,4
156,8,UINT8,1
156,9,UINT16,2
156,10,UINT8,1
156,11,UINT8,1
156,12,UINT8,1
157,0,AC,10
157,1,AC,10
157,2,TLP,3
157,3,FL,4
157,4,UINT8,1
157,5,UINT8,1
157,6,FL,4
158,0,AC,10
158,1,AC,10
158,2,TLP,3
158,3,FL,4
158,4,UINT8,1
158,5,UINT8,1
158,6,FL,4
159,0,AC,10
159,1,AC,10
159,2,TLP,3
159,3,FL,4
159,4,UINT8,1
159,5,UINT8,1
159,6,FL,4
160,0,AC,10
160,1,AC,10
160,2,TLP,3
160,3,FL,4
160,4,UINT8,1
160,5,UINT8,1
160,6,FL,4
161,0,AC,10
161,1,AC,10
161,2,TLP,3
161,3,FL,4
161,4,UINT8,1
161,5,UINT8,1
161,6,FL,4
162,0,AC,10
162,1,AC,10
162,2,TLP,3
162,3,FL,4
162,4,UINT8,1
162,5,UINT8,1
162,6,FL,4
163,0,AC,10
163,1,AC,10
163,2,TLP,3
163,3,FL,4
163,4,UINT8,1
163,5,UINT8,1
163,6,FL,4
164,0,AC,10
164,1,AC,10
164,2,TLP,3
164,3,FL,4
164,4,UINT8,1
164,5,UINT8,1
164,6,FL,4
137,176,UINT32,4
137,177,UINT32,4
137,178,UINT32,4
176,0,AC,40
176,1,UINT32,4
176,2,UINT16,2
176,3,UINT16,2
176,4,UINT8,1
176,5,UINT8,1
177,0,AC,40
177,1,AC,40
177,2,AC,20
177,3,UINT32,4
177,4,UINT32,4
177,5,UINT16,2
177,6,UINT16,2
177,9,UINT8,1
177,10,UINT16,2
177,11,UINT8,1
177,12,UINT8,1
177,13,UINT16,2
177,15,FL,4
177,16,FL,4
177,17,UINT8,1
177,18,FL,4
177,19,UINT8,1
177,20,FL,4
177,21,UINT8,1
177,22,FL,4
177,23,UINT8,1
177,24,UINT8,1
177,25,UINT8,1
177,27,FL,4
177,28,UINT8,1
177,30,FL,4
177,31,UINT8,1
177,33,FL,4
177,34,UINT8,1
177,36,FL,4
139,12,UINT32,4
139,13,UINT32,4
139,14,UINT32,4
139,15,UINT32,4
139,16,UINT32,4
139,17,UINT32,4
177,14,UINT8,1
177,26,UINT8,1
177,29,UINT8,1
177,32,UINT8,1
177,35,UINT8,1
177,7,UINT32,4
177,8,UINT16,2
57,5,UINT16,2
17,22,UINT8,1
98,43,UINT8,1
91,64,UINT8,1
103,9,UINT16,2
103,10,UINT16,2
103,11,UINT16,2
103,14,FL,4
103,15,FL,4
103,16,FL,4
103,2,UINT8,1
103,7,UINT16,2
103,8,UINT16,2
103,9,UINT16,2
103,10,UINT16,2
103,11,UINT16,2
103,12,UINT16,2
103,13,FL,4
103,14,FL,4
103,15,FL,4
103,16,FL,4
103,17,FL,4
103,18,FL,4
103,19,FL,4
103,21,FL,4
103,34,UINT8,1
103,35,UINT8,1
106,2,UINT8,1
106,7,UINT8,1
106,19,FL,4
106,20,FL,4
106,22,FL,4
106,35,UINT8,1
106,36,UINT8,1
105,2,UINT8,1
105,13,FL,4
85,19,UINT16,2
85,20,UINT16,2
85,21,UINT8,1
141,48,FL,4
141,49,UINT16,2
141,50,UINT16,2
103,2,UINT8,1
141,51,UINT16,2
139,18,UINT32,4
139,19,UINT32,4
86,102,TLP,3
86,103,TLP,3
86,104,UINT8,1
86,105,UINT8,1
86,106,TLP,3
86,107,TLP,3
86,108,UINT8,1
86,109,UINT8,1
86,110,TLP,3
86,111,TLP,3
86,112,UINT8,1
86,113,UINT8,1
86,114,TLP,3
86,115,TLP,3
86,116,UINT8,1
86,117,UINT8,1
86,118,TLP,3
86,119,TLP,3
86,120,UINT8,1
86,121,UINT8,1
86,122,TLP,3
86,123,TLP,3
86,124,UINT8,1
86,125,UINT8,1
86,126,TLP,3
86,127,TLP,3
86,128,UINT8,1
86,129,UINT8,1
86,130,TLP,3
86,131,TLP,3
86,132,UINT8,1
86,133,UINT8,1
86,134,TLP,3
86,135,TLP,3
86,136,UINT8,1
86,137,UINT8,1
86,138,TLP,3
86,139,TLP,3
86,140,UINT8,1
86,141,UINT8,1
86,142,TLP,3
86,143,TLP,3
86,144,UINT8,1
86,145,UINT8,1
86,146,TLP,3
86,147,TLP,3
86,148,UINT8,1
86,149,UINT8,1
86,150,TLP,3
86,151,TLP,3
86,152,UINT8,1
86,153,UINT8,1
86,154,TLP,3
86,155,TLP,3
86,156,UINT8,1
86,157,UINT8,1
86,158,TLP,3
86,159,TLP,3
86,160,UINT8,1
86,161,UINT8,1
86,162,TLP,3
86,163,TLP,3
86,164,UINT8,1
86,165,UINT8,1
86,166,TLP,3
86,167,TLP,3
86,168,UINT8,1
86,169,UINT8,1
86,170,TLP,3
86,171,TLP,3
86,172,UINT8,1
86,173,UINT8,1
86,174,TLP,3
86,175,TLP,3
86,176,UINT8,1
86,177,UINT8,1
86,178,TLP,3
86,179,TLP,3
86,180,UINT8,1
86,181,UINT8,1
86,182,TLP,3
86,183,TLP,3
86,184,UINT8,1
86,185,UINT8,1
86,186,TLP,3
86,187,TLP,3
86,188,UINT8,1
86,189,UINT8,1
86,190,TLP,3
86,191,TLP,3
86,192,UINT8,1
86,193,UINT8,1
86,194,TLP,3
86,195,TLP,3
86,196,UINT8,1
86,197,UINT8,1
86,198,TLP,3
86,199,TLP,3
86,200,UINT8,1
86,201,UINT8,1
47,75,UINT8,1
12,11,UINT8,1
12,12,UINT8,1
12,13,UINT8,1
12,14,UINT8,1
12,15,UINT32,4
12,20,UINT32,4
12,16,UINT8,1
12,17,UINT8,1
12,18,UINT8,1
12,19,UINT8,1
136,10,UINT8,1
136,11,UINT8,1
136,12,UINT8,1
136,13,UINT8,1
136,14,UINT32,4
136,15,UINT8,1
136,16,UINT8,1
136,17,UINT8,1
136,18,UINT8,1
136,19,UINT32,4
172,0,AC,20
172,1,UINT32,4
172,2,UINT8,1
172,3,UINT8,1
173,0,AC,20
173,1,UINT32,4
173,2,UINT8,1
173,3,UINT8,1
173,4,UINT8,1
173,5,UINT8,1
173,6,UINT32,4
173,7,UINT8,1
173,8,UINT8,1
173,9,FL,4
173,10,UINT8,1
173,11,UINT8,1
173,12,UINT8,1
173,13,UINT16,2
173,14,UINT8,1
174,0,AC,10
174,1,TLP,3
174,2,UINT8,1
174,3,UINT16,2
174,4,FL,4
175,0,AC,10
175,1,UINT8,1
175,2,UINT16,2
175,3,FL,4
175,4,UINT8,1
175,5,FL,4
175,6,UINT8,1
175,7,UINT16,2
175,8,UINT8,1
175,9,TLP,3
20,31,UINT32,4
20,32,UINT32,4
20,33,FL,4
20,34,FL,4
20,35,UINT32,4
139,20,UINT32,4
139,21,UINT32,4
139,22,UINT32,4
139,23,UINT32,4
173,15,FL,4
139,24,UINT32,4
144,0,UINT16,2
144,1,UINT16,2
144,2,UINT32,4
144,3,INT32,4
144,4,UINT8,1
144,5,UINT8,1
144,6,UINT8,1
144,7,UINT16,2
145,0,UINT8,1
145,1,AC,10
145,2,AC,10
145,3,TLP,3
145,4,AC,10
145,5,TLP,3
145,6,AC,10
145,7,TLP,3
145,8,AC,10
145,9,TLP,3
145,10,AC,10
145,11,TLP,3
145,12,AC,10
145,13,TLP,3
145,14,AC,10
145,15,TLP,3
145,16,AC,10
145,17,TLP,3
145,18,AC,10
145,19,TLP,3
145,20,AC,10
145,21,TLP,3
145,22,AC,10
145,23,TLP,3
145,24,AC,10
145,25,TLP,3
145,26,AC,10
145,27,TLP,3
145,28,AC,10
145,29,TLP,3
145,30,AC,10
145,31,TLP,3
145,32,AC,10
145,33,TLP,3
145,34,AC,10
145,35,TLP,3
145,36,AC,10
145,37,TLP,3
145,38,AC,10
145,39,TLP,3
145,40,AC,10
145,41,TLP,3
145,42,AC,10
145,43,TLP,3
145,44,AC,10
145,45,TLP,3
145,46,AC,10
145,47,TLP,3
145,48,AC,10
145,49,TLP,3
145,50,AC,10
145,51,TLP,3
145,52,AC,10
145,53,TLP,3
145,54,AC,10
145,55,TLP,3
145,56,AC,10
145,57,TLP,3
145,58,AC,10
145,59,TLP,3
145,60,AC,10
145,61,TLP,3
145,62,AC,10
145,63,TLP,3
145,64,AC,10
145,65,TLP,3
145,66,AC,10
145,67,TLP,3
145,68,AC,10
145,69,TLP,3
145,70,AC,10
145,71,TLP,3
145,72,AC,10
145,73,TLP,3
145,74,AC,10
145,75,TLP,3
145,76,AC,10
145,77,TLP,3
145,78,AC,10
145,79,TLP,3
145,80,AC,10
145,81,TLP,3
145,82,AC,10
145,83,TLP,3
145,84,AC,10
145,85,TLP,3
145,86,AC,10
145,87,TLP,3
145,88,AC,10
145,89,TLP,3
145,90,AC,10
145,91,TLP,3
145,92,AC,10
145,93,TLP,3
145,94,AC,10
145,95,TLP,3
145,96,AC,10
145,97,TLP,3
145,98,AC,10
145,99,TLP,3
145,100,AC,10
145,101,TLP,3
145,102,AC,10
145,103,TLP,3
145,104,AC,10
145,105,TLP,3
145,106,AC,10
145,107,TLP,3
145,108,AC,10
145,109,TLP,3
145,110,AC,10
145,111,TLP,3
145,112,AC,10
145,113,TLP,3
145,114,AC,10
145,115,TLP,3
145,116,AC,10
145,117,TLP,3
145,118,AC,10
145,119,TLP,3
145,120,AC,10
145,121,TLP,3
145,122,AC,10
145,123,TLP,3
145,124,AC,10
145,125,TLP,3
145,126,AC,10
145,127,TLP,3
145,128,AC,10
145,129,TLP,3
145,130,AC,10
145,131,TLP,3
145,132,AC,10
145,133,TLP,3
145,134,AC,10
145,135,TLP,3
145,136,AC,10
145,137,TLP,3
145,138,AC,10
145,139,TLP,3
145,140,AC,10
145,141,TLP,3
145,142,AC,10
145,143,TLP,3
145,144,AC,10
145,145,TLP,3
145,146,AC,10
145,147,TLP,3
145,148,AC,10
145,149,TLP,3
145,150,AC,10
145,151,TLP,3
145,152,AC,10
145,153,TLP,3
145,154,AC,10
145,155,TLP,3
145,156,AC,10
145,157,TLP,3
145,158,AC,10
145,159,TLP,3
145,160,AC,10
145,161,TLP,3
145,162,AC,10
145,163,TLP,3
145,164,AC,10
145,165,TLP,3
145,166,AC,10
145,167,TLP,3
145,168,AC,10
145,169,TLP,3
145,170,AC,10
145,171,TLP,3
145,172,AC,10
145,173,TLP,3
145,174,AC,10
145,175,TLP,3
145,176,AC,10
145,177,TLP,3
145,178,AC,10
145,179,TLP,3
145,180,AC,10
145,181,TLP,3
145,182,AC,10
145,183,TLP,3
145,184,AC,10
145,185,TLP,3
145,186,AC,10
145,187,TLP,3
145,188,AC,10
145,189,TLP,3
145,190,AC,10
145,191,TLP,3
145,192,AC,10
145,193,TLP,3
145,194,AC,10
145,195,TLP,3
145,196,AC,10
145,197,TLP,3
145,198,AC,10
145,199,TLP,3
145,200,AC,10
145,201,TLP,3
107,21,UINT8,1
107,22,FL,4
141,87,UINT8,1
141,88,UINT8,1
141,89,AC,20
141,90,AC,20
141,91,AC,20
141,92,AC,20
141,93,UINT32,4
141,94,UINT32,4
141,95,UINT32,4
141,96,UINT32,4
141,97,FL,4
141,98,FL,4
141,99,FL,4
141,100,FL,4
141,101,FL,4
141,102,FL,4
141,103,FL,4
141,104,FL,4
141,105,FL,4
141,106,FL,4
141,107,FL,4
141,108,FL,4
141,109,FL,4
141,110,FL,4
141,111,FL,4
141,112,FL,4
124,13,TLP,3
173,16,UINT8,1
173,17,UINT32,4
139,25,UINT32,4
139,26,UINT32,4
144,8,UINT8,1
105,4,UINT32,4
105,4,UINT32,4
177,37,UINT8,1
177,38,UINT16,2
177,39,UINT16,2
177,40,UINT16,2
177,41,UINT16,2
177,42,UINT16,2
177,43,UINT16,2
177,44,UINT16,2
177,45,UINT16,2
177,46,UINT16,2
177,47,UINT16,2
177,48,UINT16,2
177,49,UINT16,2
177,50,UINT16,2
177,51,UINT16,2
177,52,UINT16,2
177,53,UINT16,2
46,93,UINT8,1
177,54,UINT8,1
177,55,FL,4
177,56,FL,4
177,57,FL,4
177,58,FL,4
177,59,BIN,1
139,27,UINT32,4
177,60,BIN,1
177,61,BIN,1
177,62,BIN,1
177,63,BIN,1
177,64,BIN,1
177,65,BIN,1
177,66,BIN,1
177,67,BIN,1
40,54,UINT16,2
40,55,UINT8,1
108,67,UINT16,2
108,68,UINT8,1
177,68,UINT8,1
15,26,UINT32,4
15,27,UINT32,4
115,54,UINT8,1
115,55,FL,4
115,56,TLP,3
115,57,FL,4
15,28,UINT32,4
15,29,UINT32,4
15,30,UINT32,4
15,31,UINT32,4
15,32,UINT32,4
15,33,UINT32,4
115,54,UINT8,1
115,55,FL,4
115,56,TLP,3
115,57,FL,4
139,28,UINT32,4
139,29,UINT32,4
139,30,UINT32,4
139,31,UINT32,4
139,32,UINT32,4
139,33,UINT32,4
139,34,UINT32,4
139,35,UINT32,4
177,68,UINT8,1
91,54,UINT8,1
91,55,UINT8,1
91,56,UINT8,1
91,57,UINT8,1
91,57,UINT8,1
91,58,UINT8,1
91,58,UINT8,1
91,59,UINT8,1
91,59,UINT8,1
91,60,UINT8,1
91,60,UINT8,1
91,61,UINT8,1
91,61,UINT8,1
91,62,UINT8,1
91,62,UINT8,1
91,63,UINT8,1
91,63,UINT8,1
91,64,UINT8,1
91,64,UINT8,1
91,65,UINT8,1
91,65,UINT8,1
91,65,UINT8,1
91,66,UINT16,2
91,66,UINT16,2
91,66,UINT16,2
91,67,FL,4
91,67,FL,4
91,67,FL,4
91,68,FL,4
91,68,FL,4
91,68,FL,4
91,69,FL,4
91,69,FL,4
91,69,FL,4
91,70,FL,4
91,70,FL,4
91,70,FL,4
91,71,UINT8,1
91,71,UINT8,1
91,71,UINT8,1
91,72,UINT8,1
91,72,UINT8,1
91,72,UINT8,1
91,73,UINT8,1
91,73,UINT8,1
91,73,UINT8,1
91,74,UINT16,2
91,74,UINT16,2
91,74,UINT16,2
91,75,FL,4
91,75,FL,4
91,75,FL,4
91,76,FL,4
91,76,FL,4
91,76,FL,4
91,77,FL,4
91,77,FL,4
91,77,FL,4
91,78,FL,4
91,78,FL,4
91,78,FL,4
91,79,UINT8,1
91,79,UINT8,1
91,79,UINT8,1
91,80,UINT8,1
91,80,UINT8,1
91,80,UINT8,1
137,176,UINT8,1
137,176,UINT8,1
137,176,UINT8,1
137,177,UINT16,2
137,177,UINT16,2
137,177,UINT16,2
137,178,UINT8,1
137,178,UINT8,1
137,178,UINT8,1
137,179,UINT32,4
137,179,UINT32,4
137,179,UINT32,4
